,Unnamed: 0,reviewId,userName,userImage,content,score,thumbsUpCount,reviewCreatedVersion,at,replyContent,repliedAt,appVersion
0,0,fe6af137-ded6-4458-88d2-fc9c9b4db56f,맥시,https://play-lh.googleusercontent.com/a/ACg8ocKG8om0pLKIcKkiN_lAIHb83vm0Y3CdmgxWzEsUhWINCA=mo,백그라운드에서 상주하고 배터리를 많이 잡아먹는거 같은데 이거 맞나요. 분명 껐는데도 살아있습니다. 백그라운드 오디오 설정 켜진채면 완전히 꺼도 살아있는거 같네요. 네이버게임 고객센터에도 오류신고 보내놓은 상태구요. 치지직 어플 자체적인 문제 같습니다. 조속한 확인 픽스 부탁드립니다.,1,27,2.3.1,2024-03-11 02:03:43,,,2.3.1
1,1,2df80bff-56a3-4b42-a44e-996129cc1f35,다인,https://play-lh.googleusercontent.com/a/ACg8ocKs-ayg9Ms2KG9ML72GVJIGZfAw3tNn9hFc1InA-f9H=mo,"사용한지 얼마안되서 그런지 모르겠지만 서비스 자체는 👍👍👍입니다. 근데 데이터, 와이파이 환경이 좋아도 자주 버퍼링 걸리고 화질도 약간 딸리는 부분이 있습니다. 또한 닉네임 뺏는것에서 사용자분들이 불편을 느끼는듯 합니다. 이 정도네요. 방송플렛폼 서비스는 잘 구성돼있으나 이러한 단점들은 수정 해주셨으면 합니다.",4,105,2.3.0,2024-02-26 09:46:59,,,2.3.0
2,2,b46853e4-4e45-45e4-b66c-d5cabf1ab705,김상훈,https://play-lh.googleusercontent.com/a-/ALV-UjVSOKshC-V810zSF7wcVYECPfNLDYK_rIaF4Az_P5LT1Y0,"안녕하세요, 치지직 사용자입니다. 아직 베타이지만 기능이 풍부하고 화질과 프레임도 좋아서 만족하고 있습니다! 다만 이 기능이 있었으면 좋겠습니다. 1. 화질 선택란에 프레임 표시(예: 1080 30p/60p) 2. 앱 사용 중에만(백그라운드 아닌) pip모드 사용 옵션 3. 모바일에서 가로모드 지원 고려해 주신다면 감사하겠습니다.",5,11,2.3.1,2024-03-10 11:21:55,,,2.3.1
3,3,c03c767d-7269-435e-8f39-3091369e9236,모찌짱,https://play-lh.googleusercontent.com/a-/ALV-UjU32SWaYAYqvdrGTgxLnDNZvzz60NwF5yFaWUPdeHQauw,버그 또는 치지직 기능에 대해 불만을 가지시거나 불편함을 겪으시는 분들에 비해 트위치처럼 편히 이용하고는 있었습니다만 생방송 보는 중에도 시청중인 생방송 다시보기 기능 만들어 주시면 좋을것같아요 찾아보니까 없어서 아쉬워 하시는 분들 많으신것같은데.. 생방송 시청중 해당 생방송을 다시보는 기능 만들어주세요 몇분 전을 보고싶으면 하루 정도 기다려서 볼수밖에없어서 너무 아쉽습니다.. 이 이외에는 너무 잘 사용하고있어서 별 5개! 특히 e스포츠 다시볼수있는게 좋은 것 같아요,5,9,2.3.1,2024-03-08 15:23:26,,,2.3.1
4,4,15bb12cc-532a-406c-bd34-e499b9ffb169,체스,https://play-lh.googleusercontent.com/a-/ALV-UjWb4gVMa3OzKrHBJ3hWXJMHC0RI6-nAggTVZjY6rAq0cNI,"모바일로 PIP모드 사용 시 치명적인 오류가 발생합니다. PIP 모드가 제대로 적용되지 않고, 기존 스트리밍 화면에서 채팅창 부분만 까맣게 변하고 스트리밍 화면이 그대로 멈추며, 모든 터치와 기능이 마비됩니다. 홈화면으로도 메뉴로도 넘어갈 수가 없어요.. 폰을 껐다 켜야지만 정상화되는데 바로 다시 PIP모드를 사용해도 같은 오류가 반복적으로 일어나요. 다 좋은데 이 부분 개선해주셨으면 좋겠습니다ㅠㅠ PIP모드 자주 사용하는 유저라서 불편함이 있습니다.",3,14,2.3.1,2024-03-06 17:03:24,,,2.3.1
5,5,e416b6ac-41f9-4366-928d-f556a1c5e9c7,정레오,https://play-lh.googleusercontent.com/a-/ALV-UjVgKoII3SbqtxJ6cBLl3bwg6GlWp7Ht1mxIdiQ1z1EnkWw,제발 버퍼링 걸리는 것만이라도 빠르게 고칩시다. 방송 보는 중 한 번이라도 버퍼링이 걸리면 그냥 최악입니다. 그런데 이런 버퍼링이 한 번이 아니라 생각보다 자주 걸립니다. 이용자의 인터넷 문제가 아닌 치지직 문제입니다. 방송 프레임 떨어지는 문제도 심합니다. 최소한 이것들은 고치세요. 시청에 큰 방해가 되는 요소들입니다.,2,196,2.3.0,2024-02-26 13:03:16,,,2.3.0
6,6,d7188657-e808-46ca-89de-bddd9103cfe0,티타임,https://play-lh.googleusercontent.com/a/ACg8ocL_FWdjVitf4W7bsWNx7Vwl9RpdU3pvPthqnnY7QDcnVA=mo,"폴드4 사용자 입니다. 톱니바퀴 누르면 설정창이 화면 아래쪽으로 아에 사라졌는지 나타나질 않네요.. 버그가 많아서야... 시청을 하는데 상당히 불편합니다. 채팅창 입력할때도 버그 투성이입니다. 최초 채팅시 규칙 준수해서~ 나오는 팝업멘트도 안나타나서 화면 회전하면 나오고, 키패드는 어디로 도망갔나요...",2,9,2.3.0,2024-02-28 14:38:45,,,2.3.0
7,7,be13728e-24c5-4f31-b613-9fe26122163f,gg12,https://play-lh.googleusercontent.com/a-/ALV-UjV-SPNL6YM0_6s4MbKHPJqpxiA-0NyeI3cwfUQckTMTsQ,업데이트를 하고 나서부터는 해상도를 바꾸고 싶어서 설정버튼을 눌러도 화면에 뜨지 않는 문제가 발생 했습니다. 지우고 다시 깔아도 로그아웃을 해봐도 그대로입니다. 저만의 문제일 수도 있지만 혹시 저와 같은 문제를 가지고 있는 분들도 있을 수 있으니 한 번 확인해 주시고 고쳐주시면 감사드리겠습니다.,4,7,2.3.0,2024-02-27 07:13:18,,,2.3.0
8,8,5e60b605-657e-4aaa-b9cd-e7142bb96aea,Sant a,https://play-lh.googleusercontent.com/a-/ALV-UjUCU3tE2T0pN57d_JZLebImL9RsdgTI08Hz_3h78UiyuQ,"2점을 준 이유는 다음과 같습니다 1. 방송중인 팔로잉채널들의 미리보기가 나오지않습니다. 추천채널은 보여주면서 유저들에게 가장 중요한 팔로잉채널은 왜 안보여주는지? 2. 시청을 원하는 채널로 들어갈 경우 너무 랙이 좀 걸립니다. 애초에 어플자체가 무겁다고 느껴지네요 3. 스트리밍 시청중 화면왼쪽의 밝기조절, 오른쪽의 소리조절은 부정적 경험만을 제공합니다. 처음에는 화면만지다 갑자기 소리가 안들려서 버그난줄 알았어요",2,12,2.3.0,2024-02-27 00:39:01,,,2.3.0
9,9,1efb9542-a7b2-432c-9f93-9e2a270162ac,HI HEIIO,https://play-lh.googleusercontent.com/a-/ALV-UjWICyQg-jDIEVoX9NnN779EA33sVARGOnEyuQlD-yyUsg,이용하면서 아쉬웠던 점 1. 방송 시청 중 다른 앱을 열거나 홈키를 입력했을 때 가끔씩 팝업모드로 바뀌지 않고 라디오 모드처럼 라디오만 들리는 경우가 있었습니다 2. 다시보기 영상이 방송이 끝나고 나서도 늦게 업로드 되는 것 같아서 아쉬웠어요 3. 방송 중에 시청자들이 남긴 채팅을 다시보기 영상으로는 볼 수가 없는 것 같아서 아쉬웠어요 4. 다시보기 영상의 길이가 12시간으로 제한되고 그 뒤의 방송은 잘리는 것이 아쉬웠어요 5. 다시보기 영상이 이전에 본 곳부터 이어보기가 안되는 것이 너무 불편하네요,4,252,2.3.0,2024-02-29 17:43:31,,,2.3.0
10,10,ac72c77c-1c38-44e7-b387-ae6ad07869a0,홍타,https://play-lh.googleusercontent.com/a/ACg8ocLqQOIj5iCrd8JIYiGofKyL3X6VLcqWOObs6ZALOA4mHg=mo,"추천 채널보다 팔로잉 채널을 자세히 보여주면 좋겠습니다. 달랑 프로필 사진만 있어서 앱에서는 방제도 못보고 뭘 플레이 중인지도 알 수 없어 매우 불편합니다. (업뎃후 내용추가)팔로잉 채널 전체보기를 누르지 않더라도, 이미 추천 채널에 공들이신것처럼, 메인화면에서 바로 팔로잉 채널 방송화면을 볼 수 있으면 좋겠습니다.",5,21,2.3.0,2024-02-26 10:10:28,,,2.3.0
11,11,cdabda25-dcbb-4cb6-a5c1-981702835fb1,스카이블루,https://play-lh.googleusercontent.com/a-/ALV-UjUoQT-hBQhCtBIvzX-_-y5--WLhq0qBGNFpe_IjJWSF4U4,"1. 영상에 들어가서 전체화면을 누르는게 아닌이상 모든 화면이(메인화면에서 조차)세로 고정인것이 특히 패드에서 불편 2. 패드에서 채팅창을 열고 닫으면 채팅이 위로 올라갑니다 3. 딜레이가 좀 심함 유툽보다 조금빠른정도 4. 추천채널이 상관도 없는것 추천합니다 5. 카테고리창이 너무 작고 추천영상이 카테고리보다 위에있고 추천영상, 추천채널, 모르는 처음보는 스트리머의 최근소식이 카테고리보다 더 큰것이 이해가 안됩니다 6. 자주 끊깁니다 7. 원하는 카테고리 고정이 있었으면 좋겠습니다 8. 추천채널쪽에 차라리 내가 팔로잉한 채널의 스트리밍 영상이 떴으면 좋겠습니다. 9. 패드로 볼때도 스트리밍 시간을 보여주셨으면 합니다. / 이건 단순 궁금증입니다만 패드에는 앱스토어에 들어서 봐도 업뎃이 안뜨는데 아직 업뎃을 안하신건가요 모바일은 카테고리업뎃을 했는데 패드는 아직 없어서요",4,58,2.3.0,2024-02-26 12:58:12,,,2.3.0
12,12,80f1df9f-d03c-4e48-a67a-6bc864cd5d18,z s,https://play-lh.googleusercontent.com/a/ACg8ocINErnqmOw3cDNJDvJ5pSvNWhRzEX3U_LdOsYpoXReD=mo,"1. 백그라운드 재생, pip재생때 간혈적으윢다른 작업 하다보면 꺼짐 (당연히 램 부족은 아님) 2. 펀치홀 카메라가 있는 경우 상태바 부분까지 화면을 확장시켜주는 설정이 있는데, 가로모드에서 채팅창을 켰다 꺼면 상태바 확장 부분 설정이 자꾸 꺼지는 효과가 발생함. 이거 두 개좀 고쳐주세요. 너무 불편합니다",3,17,2.3.1,2024-03-02 23:19:58,,,2.3.1
13,13,81e3eba0-01ba-4cf0-a152-2ab8fab6f317,햇님가면,https://play-lh.googleusercontent.com/a/ACg8ocKj8WX-tFkoCINXbV3TkDZ1-FyYPw05zRIIEFKb1bQV=mo,갤럭시 폴드4 사용 유저입니다 채팅칠 시 간헐적으로 커서가 입력창에서 벗어나 채팅 입력이 끊기는 일이 있습니다. 또한 처음 들어가는 방송에서 공지사항 팝업창이 뜨더라도 화면 아래에 묻혀있어 확인을 누를 수 없습니다. 설정창 또한 마찬가지로 열리지만 화면 어딘가에 가려져 조작을 할 수 없습니다. 화면 가로 세로 전환을 통해서 바꿔야만 보이니 불편합니다.,3,1,2.3.0,2024-02-27 02:23:11,,,2.3.0
14,14,ff146cf9-2930-4373-95c5-acd76ccbc5c5,손원진,https://play-lh.googleusercontent.com/a-/ALV-UjU93_D6mqlSew4PSk9DxHQij5lT8Skj31f7m1HUx4Hp6Zw,"유튜브급 재생 중 멀티태스킹 기능을 기대했는데 영 시원찮네요. 백그라운드 재생만 쓰려고 PIP를 끄면 재생 중에는 앱으로 할 수 있는 게 시청뿐이고, PIP를 켜면 백그라운드 전환에 절차가 늘어나고 해서 좀 아쉽습니다. 백그라운드로 넘어갈 때 끊김이 없는 것은 마음에 듭니다.",4,1,2.3.0,2024-02-28 09:31:20,,,2.3.0
15,15,d53fa7e3-ad05-480d-9373-f49f438cd423,최승환 (션),https://play-lh.googleusercontent.com/a-/ALV-UjW1hzQJtyHk4JolpT0BMvUiiZwgBiITRAhUA1Mi131A4jA,"영상 플레이어 왼쪽 사이드에 밝기조절, 오른쪽 사이드에 볼륨조절 사용경험이 안좋습니다. 위로 올리면 화면 회전하고 아래로 내리면 소형 플레이어로 전환되는 경험은 좋습니다. 그런데 첫줄에서 언급한 기능들이랑 겹쳐서 실수가 잦아요. 충분히 외부에서 조절가능한 기능이라 없어져도 될 것 같아요",4,283,2.0.3,2023-12-24 08:00:22,,,2.0.3
16,16,59cce8f7-28c5-48b6-953d-7fe308a95e4e,한용희,https://play-lh.googleusercontent.com/a/ACg8ocIByRzVh_QyQTwt6RbB7jeDP9nnnIxPmjnml9qh3OSD=mo,"저는 보통 태블릿으로 블루투스 키보드를 연결해서 사용 하는데, 치지직은 예전에 카톡처럼 엔터가 사용 안되는 문제가 있습니다. 채팅을 치고 매번 전송키를 터치해주고 다시 채팅창을 터치하고 키보드로 내용을 쓰고 전송 터치 반복인데요. 카카오톡은 설정에 엔터로 메시지 전송 기능이 있는데 꼭 추가해주셨으면 좋겠습니다. 오죽하면 이거때문에 치지직을 안 키는 경우가 생기네요. 그래도 잘 보고 있기에 5점 드립니다.",5,93,2.2.3,2024-02-24 13:05:43,,,2.2.3
17,17,d7a076aa-f292-4e10-9e58-78af0ed22955,밀키웨이맛쿠키,https://play-lh.googleusercontent.com/a-/ALV-UjVbBI8FxNY2VJQ-IGxet15yKAs2FltKnK7hx97gQWZa5-Y,화질도 좋고 괜찮아요. 근데 개선해주셨으면 하는게 몇가지 있는데 첫째로 모바일 채팅창 애니메이션으로 올라가는거 알아보기 힘들어요. 스르륵 올라가는거 좀 바꿔주시면 감사하겠습니다. 그리고 두번째로 방송화면 왼쪽내리면 화면밝기 조정되고 오른쪽 내리면 소리 조정되는거 선택으로 가능하게 되면 좋을 것 같아요. 작은모드로 보려고 내릴때 마다 밝기가 내려가거나 소리가 내려가서 불편해요. 선택사항으로 해서 원한다면 화면 왼쪽이나 오른쪽 내려도 밝기나 소리 조정 안되도록 바뀌면 좋겠습니다!,5,442,2.1.0,2024-01-06 06:02:12,,,2.1.0
18,18,ce54076f-aaa7-424a-8729-390699db3404,유지현,https://play-lh.googleusercontent.com/a/ACg8ocLNs2MGMvMNbknwDnHzgnHFIo4YYzGqezicmPvl8ke-=mo,"우선 대회를 앞두고 좋은 화질로 볼 수 있는 환경을 제공 해준다는 사실에 감사드립니다. 종료되는 플랫폼 이후의 상황이 좀 불편했는데 여러모로 열린 운영으로 베타임에도 불구하고 친근하고 편안한 분위기라 만족스럽습니다. 불만보다는 없었던것, 그리고 익숙한 것들이 눈에 들어와서 편안항 마음으로 시청중이지만 그럼에도 몇가지 신경쓰이는 게 있어서 써봅니다. 1. 방송화면을 클릭하여 내릴 시에 조명 혹은 소리가 조정되는 부분이 조금 불편합니다. 이 부분은 기존 네이버 영상도 동일한 기능임은 알고 있습니다만 해당 기능의 접촉면적이 조금 줄어 든다거나 하는 방향이면 좋을거 같습니다. 그 기능을 사용하려는 사람들이 명확한 의도로만 사용할 수 있을 정도면 서로가 만족하지 않을까요. 2. 채팅 작성시 보내기가 줄 변경인 건 아쉬운 부분입니다. 채팅 완성을 하기위해선 키패드가 아닌 화면상에서 클릭을 해야하는 부분이라 같은 결과값을 위해 두번 클릭 해야하는 상황은 다소 불편하네요.",5,87,2.0.3,2023-12-28 06:59:37,,,2.0.3
19,19,c870dd9a-bbe9-4801-96de-0cbf7399baef,흰쥐,https://play-lh.googleusercontent.com/a-/ALV-UjWfgzDdF846MwDC1PVQR_mSC0_AnfBQH2ZKOJ2R8NV1UOg,치지직으로 방송을 시청할 때 팝업으로 전환하면 배경화면이 이상해지고 핸드폰 뒤로가기 버튼 줄에 있는 햄버거버튼이 일행이 안됩니다. 앱을 끄고서도 햄버거 버튼이 안돼서 모두 닫기 못하고 재부팅했어요. 나온지 얼마 안된 신생 앱이니까 고쳐지면 좋겠다는 마음으로 사실대로 리뷰합니다...,2,44,2.2.3,2024-02-19 13:45:36,,,2.2.3
20,20,8009b58c-9995-492e-8c07-cfb57bb56f96,RwbyRose,https://play-lh.googleusercontent.com/a-/ALV-UjViOHqGSmBujknTrqRpa3AmUi-W1eD99VdZIOaeOgojTjc,"정말 필요했던 가능들 다 들어간거 같아요. 하지만 문제 점도 많이 있네요 1. 딜레이가 유튜브보다 약간 빠름 2.이번 구독시스템 들어가면서 모바일로 채팅을 치려하거나 화질을 변경하기위해 설정창을 누르면, 되는게 없음 어느 방송은 되고 어느 방송은 안되고 최적화가 아직 많이 부적한듯함 3.트위치 아프리카티비 유튜브에서는 채팅 및 다른 기능 다되는데 치지직은 안됨 4. 참고는 있으나 위 장애가 지속되면 삭제할듯 5.안드로이드15/노트20울트라",1,27,2.3.0,2024-02-29 04:36:17,,,2.3.0
21,21,5dae7fc8-71ae-4b04-8398-3c7091ab2e11,유리냄비,https://play-lh.googleusercontent.com/a-/ALV-UjXToHfchuhkWOXuGNtMGVP6UNPkHwsdQaxp86sVBcf56gg,"치지직 베타 시작부터 이용한 어플. 솔직히 초반에는 채팅 스크롤 가독성, 30fps, 같은 이슈가 있었지만 해결되었음. 하지만 아직까지 화이트모드의 부재, 구독 시스템(추후에 추가한다고 알림), 팔로우 스트리머 리스트를 프로필사진으로만 표시하는 불편함, 클립의 부재 등 아직 해결해야하는 과제가 많지만, 아직 베타이고 꾸준히 업데이트를 하고 계시니 개인적으론 만족. 특히, 유튜브 프리미엄처럼 백그라운드 재생은 스트리밍을 라디오처럼 틀어놓는게 가능해서 너무 잘 사용하고 있습니다.",5,134,2.0.4,2023-12-30 16:57:02,,,2.0.4
22,22,31924394-9a93-4f79-bd0d-35e6e8093eed,글사람,https://play-lh.googleusercontent.com/a-/ALV-UjXNRE6Fm4-8O2sosIQG6YXobGY4QsfIrX5gw7x3LMCpnA,모바일 UI가 개선 되어서 내가 팔로우 한 채널을 직관적으로 볼 수 있게 되었으면 좋겠습니다. 그리고 방송화면 좌우 터치시 밝기와 음향 조정은 설정버튼 눌러서 들어가 조절 가능한 방식으로 변경 되었으면 합니다. 자꾸 잘못 터치되는 경우가 있네요. UI개편을 좀더 직관적이게 변화 시키면 더 좋을거 같아요.,4,75,2.0.2,2023-12-23 08:15:40,,,2.0.2
23,23,0feb3e01-d2dc-4780-ba77-2e846e534f02,泉麻友,https://play-lh.googleusercontent.com/a/ACg8ocJCZ5LCt0ad6GGtIYbtR6J5dQ5LBnemjdFUT_3TJxJs=mo,"팔로잉 채널 칸에서 라이브 썸네일이 뜨면 좋겠어요. 무슨 겜 중인지 하나하나 들어가 보는 거 너무 불편합니다! 다시보기가 보던 부분 부터 재생되지 않는 점, 방송종료 후에 바로 다시보기를 볼 수 없는 점도 너무 불편합니다. 라이브 중에 다시보기가 뜨지 않다 보니, 놓친 구간을 바로 돌려볼 수 없는 것 또한 많이 아쉽습니다. 모든 게 똑같을 순 없겠지만, 청자들에게 중요한 기능들이라 추가된다면 좋겠습니다.",3,177,2.0.4,2023-12-30 11:34:57,,,2.0.4
24,24,f4932747-0f1e-4e02-81b8-105f188504ae,미르,https://play-lh.googleusercontent.com/a-/ALV-UjUtUXqwPqaD3PlyZ1TAe4nq04OcFr1fWLAfTrLE0SFYn4U,피드백 남겨놓고 갑니다 1. 스트리머가 뭘 하고 있는지 카테고리가 필요하다고 느껴집니다. 2. 모바일 환경에선 내가 팔로우 하고 있는 방송인을 보고 싶어도 바로 볼 수가 없고 팔로우 모음을 들어가더라도 내가 원하는 스트리머를 바로 찾기가 어렵습니다. 3. 아직 베타라 다들 납득하는 분위기지만 버퍼링과 화면 끊김 이슈는 시급히 해결할 필요가 있어 보입니다. 4. 네이버 게임 라운지랑 같이 돌아가는 방송 시스템을 만든것 같지만 오히려 방송때문에 찾아온 사람들에겐 이걸 왜 붙여논건지 모를정도로 너무 따로 노는 시스템입니다. 5. 모바일 화면 양쪽에 밝기조절과 소리 조절 기능을 넣어둔건 오히려 불편함만 주는 시스템이니 없에주면 좋겠습니다. 6. 방송 화면을 내리면 pip 화면으로 바뀌고 가끔 방송 리스트로도 안돌아가지며 핸드폰 바탕화면으로 나가지는 현상이 있습니다 트위치나 유튜브처럼 작은 화면으로 내려지는 기능으로 변경하면 좋을것 같습니다,5,141,2.0.1,2023-12-21 01:05:28,,,2.0.1
25,25,208dace7-30c1-495f-be0b-85c3deb618bc,송지수,https://play-lh.googleusercontent.com/a-/ALV-UjVpLzQ40KLE5TexdrYhjMyMNJn7gtZKywOzXV_2aR-wefA,"생각보다 깔끔하고 나쁘지 않은거같아요. 다만 베타 테스트라 그런지 살짝 개선 되어야할 부분이 조금 보이긴 하네요.. 방송 볼때 좌 우 드래그하면 화면밝기, 볼륨조절 이부분을 온/오프 형식으로 바꾸면 괜찮을것 같습니다..! 그리고 모바일 채팅창에서 닉네임 구분을 좀 더 쉽게 바꾸면 좋을거같습니다 !",5,18,2.0.3,2023-12-29 11:47:04,,,2.0.3
26,26,6dbf96b2-ed1b-4243-a502-e89e86280db3,yeji kim,https://play-lh.googleusercontent.com/a-/ALV-UjUCfFoe9pHhF73bYWn1dlsi4xQKPCWPTjN8063uAdM8Nbs,"화질이 좋아진것과 화면을 꺼도 소리가 계속들리는 점은 좋은데, 팔로우한 채널이 뭘 하는지 모르겠고 오직 방송이 켜져있다는 사실만 확인가능해서 불편합니다. 반대로 추천채널은 뭘하는지 방송제목이랑 화면도 볼수 있는데 관심이 생기기는 커녕 귀찮기만 합니다. 딱히 생방송 이외의 컨텐츠는 바라지도 않는데 괜히 웹툰은 왜 넣은지 모르겠습니다. 그리고 pip모드 끄는 방법이 불편합니다. 앱내에서 pip모드후 뒤로가기해서 앱닫을때는 pip모드도 같이 꺼졌으면 합니다",3,274,2.2.0,2024-01-29 17:35:32,,,2.2.0
27,27,486ae0ea-9e40-4b4b-b76b-6c512a77cb5e,에르비,https://play-lh.googleusercontent.com/a-/ALV-UjVG9_PZK3eN9I-FilwO-Gsi0bV1jzJJz8zhEGiTp_uTFMk,"업데이트 지속적으로 해주시고, 실시간으로 수정하시는게 보여서 응원하고 있습니당 다만, 모바일 앱에서 팔로우한 채널보다 추천 채널이 위에 있는건 불편합니다.. 개인적으로 팔로우한 채널이 먼저 뜬다면 훨씬 더 좋을 것 같아요! 앞으로도 좋은 모습과 발전 기대하겠습니다 홧팅! + 옹 수정되었네용. 좋네용 ㅎㅎ",5,37,2.0.4,2023-12-29 15:02:39,,,2.0.4
28,28,7b4e7259-4097-4a8d-bc47-6fab48f3c9f0,장민준,https://play-lh.googleusercontent.com/a-/ALV-UjVoXu9NLjLvxspmfhKdhfw_SkWz_eku00y7VL0ur-aTxW8,"화질 너무 좋고 출시한지 얼마 안된 플랫폼치고는 정말 깔끔하게 잘 쓰고 있는데요, 한가지 아쉬운 점은 저만 그런건진 모르겠는데 태블릿이나 휴대폰에 헤드셋이나 이어폰을 블루투스로 연결했을때는 방송이 자주 끊깁니다. 그냥 볼땐 괜찮았는데 연결하면 자꾸 그러네요. 혹시 이 문제도 개선해주시면 사용하는데에 훨씬 편리해 질 것 같습니다!",4,9,2.1.0,2024-01-10 15:01:49,,,2.1.0
29,29,caf739ef-0f81-457c-936e-4a1155495aad,알로에,https://play-lh.googleusercontent.com/a-/ALV-UjU8PxFsRvYBfTIymv1v1IGNp1xNVauDmf9NDGViD_mBaas,"모바일로 보면서 방송화면을 pip모드로 보는편인데, 베타여서 뭐라고 못하겠는데 정식오픈이 될때도 이러지 않았으면 합니다. 어느 방송을 눌러서 영상이나 방송화면이 띄워지면 손으로 아래를 향해 슬라이드해서 창을 끄는데 축소화면도 아니고 강제로 pip모드로 전환되서 여기서 띄운 x표시를 눌러야 꺼지는게 정상인데, 띄워진 아무 버튼을 터치해도 인식을 안해요. 내 폰이 문젠가 싶었는데 pip창을 꾹 눌러서 끌어지는건 되더라구요. 이거 갤럭시폰 좌측하단 앱탭으로 강제로 꺼도 그대로 창이 안 사라져요. 이거는 좀 고쳐줬으면 합니다. 방송보려고 한 5번 볼때 3번은 이런 상황이 생김.",3,57,2.1.1,2024-01-19 04:47:15,,,2.1.1
30,30,ba0f3e02-ff60-4880-b49c-ee98a0eea896,유성재,https://play-lh.googleusercontent.com/a/ACg8ocKt3FXu0wQzmdThxLF1E8IbbZRYFCE2umMPT40MslaH=mo,"방송 퀄리티는 괜찮은것 같은데 UI가 좀 아쉽습니다. 팔로잉 채널을 맨 위로 바꿔준건 좋은데 내가 팔로잉 해 놓은 채널들이 현재 무슨 게임 방송을 하고있는지, 방송 제목은 뭔지, 얼마나 많은 시청자가 보고있는지 등을 알 수 없고 오히려 내가 팔로잉 안해놓은 채널이 추천채널로 자세한 정보가 나오고 있는데 너무 불편한 것 같습니다. 그리고 방송하고 있는 게임 종류별로 방송을 찾아볼 수 있는 기능이 있으면 좋을 것 같습니다. + 화면을 전체화면으로 보다가 뒤로가기를 누르면 pip모드로 내려가는데 이때 다시 확대버튼을 누르면 일반화면이 아닌 다시 전체화면으로 바뀌는데 이것도 불편한 것 같습니다. 뒤로가기를 눌렀을 때 일반 화면으로 바뀌거나 pip > 일반화면이 되는게 자연스러운 것 같습니다. 또 핸드폰 자체에 화면 밝기 조절과 음향 조절 기능이 있는데 왜 어플 자체에 또 화면 밝기 조절과 음향 조절 기능이 있는지 이해되지 않고 불편하기만 한 것 같습니다",3,91,2.1.1,2024-01-23 11:26:05,,,2.1.1
31,31,b68d86b9-e4c6-43b0-bb1a-01375ba13503,Fundlaser,https://play-lh.googleusercontent.com/a-/ALV-UjXGxz5dOTgmM2-R2h1wOaE2nyay0-2ntNqAhQp85D3Yf1I,"개발로 바쁘심에 수고하십니다. 추후, 가능하다면 19인증한 사용자는 [19연령제한방송의 섬네일]이 [19마크]가 아닌 [방송화면]이 보이는 설정이 있으면 좋겠습니다. 게임관련 19제한도 걸려있는 경우들이 많은데, 들어가기 전엔 [어떤걸 하고 있는지]를 목록에서 섬네일로 미리 확인하고 싶습니다.",5,416,2.2.3,2024-02-11 12:55:59,,,2.2.3
32,32,491d05d2-a9d2-464c-bb00-dad85992c06f,YoungHan Park (soundHolic),https://play-lh.googleusercontent.com/a-/ALV-UjUP9pYkX6uQkZy4fj-2lU6_p2r4sPonfLBuHgFd_ctwpoM,개선은 되겠지만 모바일에서는 문제가 좀많아보입니다. 노트20 울트라 사용중인데 팝업으로 실행시 제일위에 있는 방송을 제외한 어떤 버튼도 눌리지 않아요. 스크롤도 되지않습니다..호환성의 문제인지 다른폰은 어떤지 궁금하긴 하네요. 화질도 중요하고 중요한부분은 많겠지만 모바일에서의 편의성 개선은 많은 노력이 필요해보입니다..,3,38,2.0.1,2023-12-19 23:37:38,,,2.0.1
33,33,ca4db04b-1a63-4f92-9f68-3e797fb77879,Seungguk Ahn (KOR_APUcard),https://play-lh.googleusercontent.com/a-/ALV-UjV26vznLax1WU2zNjyZbBDYtLqu29poniPkah3vqvAisgs,태블릿은 호환이 안되는지 스마트폰이랑 데스크탑은 렉이 안걸리고 로딩 잘 되는데 태블릿만 채팅 딜레이도 엄청 느리고 딜레이 해결하려고 앱 껐다 다시 켜서 방송 보려고하면 아예 로딩이 안되고 무한 연결 시도(무한 로딩) 합니다. 아직 모든 안드로이드 버전에 대한 호환성이 부족한건지 최적화가 덜된 탓인지 뭣 때문인지는 몰라도 하루 빨리 고쳐졌으면 좋겠습니다. 제 태블릿이 좀 낡긴 했지만 그래도 트위치 720p는 잘만 돌아가거든요.,2,8,2.0.1,2023-12-20 12:13:48,,,2.0.1
34,34,b6c1ff4a-b6e3-42a6-bbbc-6d00f1923761,고시생D,https://play-lh.googleusercontent.com/a-/ALV-UjW4eeUIrOR5ZbBQYy9FLXSIvePRtHUHYTV7kah_7gkShQ,업뎃 이후로 채팅도 안쳐지고 설정 안에 세부 설정도 안됩니다. (화질설정 같은 것들) 채팅이나 설정창 누르면 아무 반응 없고 그냥 투명한 회색창만 생겨서 아무것도 못해요. 여러 번 깔았다 지워보고 안드로이드 업뎃해봐도 안되고.. 벌써 이틀 째인데 해결 안해주시나요????? 심지어 피드백이나 공지도 없어서 실망이네요,1,9,2.3.0,2024-02-27 17:21:45,"안녕하세요. 치지직 안드로이드 개발팀 입니다.
현재 테스터분들의 참여로 원인이 파악되었으며 곧 수정 될 예정입니다.
소중한 의견 감사합니다.",2024-02-28 07:48:27,2.3.0
35,35,94c1ce23-e44c-4b3f-9072-b57e4d53f34b,여우,https://play-lh.googleusercontent.com/a-/ALV-UjVMEraotyXbeVGWbTVMjB9yonBhPuGqNSzshpf5odtY6Q,"전에는 방송도 화질좋게 시청할수 있었고, 알림도 잘 와서 좋았는데 어느 순간부터 팔로우 한 채널의 방송이나 영상을 들어가자 재생되지 않고 앱이 종료됩니다.. 이제는 어느 방송을 들어가든 방송이 안들어가지고 앱이 종료되기만 하네요.. 폰의 전원을 다시시작 해봐도, 앱을 지웠다 다시 깔아도 영상을 시청할수 없는건 여전합니다. 고쳐주셨으면 좋겠습니다..",2,34,2.2.0,2024-02-03 14:54:37,,,2.2.0
36,36,ac7d38e6-edbf-4359-8897-95c448cc0359,정,https://play-lh.googleusercontent.com/a-/ALV-UjU7ozu4Gva9TbscHWj-eZ1uhqMjZukIjYgI_heZdiknIlw,난잡하게 쓸데없는 기능은 좀 뺏으면 좋겠습니다.. 이거저거 다 붙이지말고 웹툰이나 뉴스 사전예약은 좀 별개 앱으로 분리하고 그냥 방송 플랫폼으로만 집중해주세요.. 카테고리는 너무 아래 쳐박혀있고 카테고리 팔로우 기능도 없고 관심도 없고 누군지도 모르는 채널 생방송이 맨위에 대문짝만에 걸려있고 인터페이스 라고 해야하나? 위치들이 보기 불편하게 짝이없습니다...검은색이 세련되고 좋다는것도 이해는 갑니다만 그러면 다른앱에 다크모드 라이트 모드는 왜있겠습니까..이용자들이 거의 대부분이 트위치에서 넘어왔을껀데 트위치는 거의 라이트 모드를 사용했기에 그부분도 솔직히 적지않은 진입장벽입니다... 최근소식 기능은 누군지도 모르는 사람들에 뻘글이나 나오고 차단할 기능도 없는데 이게 뭡니까...,2,4,2.3.1,2024-03-03 03:40:12,,,2.3.1
37,37,d3dc3ace-a42a-42ee-8688-5df7273409c2,푸른진격,https://play-lh.googleusercontent.com/a-/ALV-UjUuLKLpiUwoTokYcb6Gn93MN1mS7pGexvRhgyvSw4Wa7ao,새로 생긴 방송 플랫폼 치고는 괜찮지만 문제도 많음 1. 버퍼링 : 와이파이 좋은곳에서 써도 버퍼링 자주 생김. 2. 닉네임 선점 3. 카테고리 팔로우 없음 4. 시청자 낮은순 정렬 기능 없음 5. 태그 기능 없음 번외 : 기존 네이버 게임이랑 합쳐놔서 UI가 번잡함. 게다가 네이버 게임 오리지날 만화들 연재종료 당하는 문제도 생기고 이럴꺼면 앱을 따로 만드는게 나았음.,3,3,2.3.0,2024-02-28 09:58:55,,,2.3.0
38,38,0e286249-1c90-406d-9182-b62bcefd491e,gggoup,https://play-lh.googleusercontent.com/a/ACg8ocI4YoARF3ZOjBTIa8nPCM1Kw_XeJhHuPCO43TJwjEXF=mo,"2월말 즈음부터 영상 옵션버튼을 눌러도 화면만 어두워지고 옵션창이 안 나오는 버그가 있습니다. 다만 꼼수가 있는데, 영상을 일시정지한 상태에서 옵션버튼을 누르고, 폰의 홈화면으로 갔다가 다시 영상을 확대하면 옵션창이 나오네요.",5,1,2.3.1,2024-02-29 22:32:36,,,2.3.1
39,39,8fdfae96-1a2a-4830-81ef-be69eed4fa06,윤현승,https://play-lh.googleusercontent.com/a/ACg8ocIzfMUbJnmt1HYI0PGrmUcFZEaiWPiNm6ZDa1mV-jh-=mo,카테고리 즐겨찾기 기능 너무 필요합니다. 대기업 스트리머만 추천해줄뿐이고 그 외 편의성은 전무합니다. 카테고리 들어가도 검색이 가능한게 아니라 스크롤식으로 내려서 찾아가게끔하고. 지금 치지직이 초기라그런지 이용하기 너무 불편한상태입니다. 트위치에서 유입된 사람들 빠져나가기전에 기능 최대한 넣어야합니다. 제일 바빠야할 때인데..,4,2,2.3.0,2024-02-27 14:55:17,,,2.3.0
40,40,5f0f4bcd-a2aa-40b7-9ef0-acbde346c0d4,훗꾸석탱이,https://play-lh.googleusercontent.com/a-/ALV-UjXM1lhhACkpZqs1C3tWULNzftWhasQoX7fOZ7pWbVWlwA,많은 부분에서 좋아지긴 했지만 아직도 불편함 다시보기 보면은 중간에 동영상 끄면 끈부분부터 다시 재생가능하면 좋겠음 팝업창으로 보면 해상도 구려지는거 고쳐진거 같은데 문제는 팝업우선권이 있는듯 유툽같은거 틀면 치지직이 자꾸 재생됨 멈춰놓고 재생하면 화면이5초에한번씩 깜박여서 신경쓰임 한마디로 치지직 볼때 다른영상 볼려면 그냥 끄고 보고 다시 켜서 채널 찾은후 보고해야함 건너띄기도 5초인건 좀..좋을수도 나쁠수도있음 일단 난 별로임 팔로우 메인화면들어가면 라이브하는 방송 랜던으로해주는건 좋은 그밑에 팔로우채널 오른쪽 상단에 팔로채널만 모아놓은것도 좋음 근데 팔로우밑에 추천이아니라 방송순위아님?방송많이 보는 순서대로 나열한거 같은데...암튼 그건 좀...그밑에 카테고리 그밑에 팔로우채널공지 그밑에 또 추천채널....추천이 두개....그냥 방송순위라고 하던지 아님 그거빼고 내 팔로채널을 보여주는건 어떠신지....아무튼 많이 좋아짐,1,19,2.3.0,2024-02-27 11:13:36,,,2.3.0
41,41,8db525bf-f8c2-49df-9afc-3e41eaf18bdb,전수인,https://play-lh.googleusercontent.com/a/ACg8ocJI7YyiJc_Escf7Rvf4ii2UCs1PpWLRtc8i9Tplx9qp=mo,"1080p 진짜 개 좋지만, 와이파이가 원할한 대도 버퍼링.. 진짜 개빡침 자동도 너무 버퍼링 많음. 진짜 다른 건 괜찮은데.. 버퍼링이 진짜 개 많아서 뭐.. 볼 수도 없음 다시보기, 1080p 이런거 진짜 너무 좋아!!! 근디 와이파이 원할한데 버퍼링 때문에 재생이 안되서 144p로 보는 나... 제발 어떻게 할 수 없나요..?",2,1,2.3.0,2024-02-28 11:24:04,,,2.3.0
42,42,e3dd8bed-63d2-4c1d-ba53-665fd6ef5b69,최예은,https://play-lh.googleusercontent.com/a-/ALV-UjUzi_CHyWJa0GgFUG0bRHJFyEUUgnrWLXRH664zaYUH7Ow,"점점 나아지려고 하는 모습 보기 좋습니다 그런데 후원 부분에서 추가 더 할 점이... 1. 익명 기능 말고도 트위치 처럼 닉네임으로 농담 칠 수있도록 본인이 직접 설정가능한 기능 2. 후원 가격에 따라 달라지는 이미지 기능은 ~원 이상이 아니고 ~원으로 그냥 딱 맞게, 이미지 개수도 늘리시면.... 5개는 솔직히 너무 부족한듯 3. 후원 소리가 좀 많이 구립니다... 직접 넣을 수 있도록 하는게 나을것 같습니다. 돈 관련 서비스는 쏘는 사람이 맛이 있어야 쏘지 않을까 싶어서 이렇게 제안 드립니다! 치지직 파이팅!!",5,2,2.3.1,2024-03-03 11:20:47,,,2.3.1
43,43,855c3a8d-bc58-48a6-82d7-716c58d8d0fb,장승현,https://play-lh.googleusercontent.com/a/ACg8ocLr-wI2elly4-nhRQBKyxghmBIvGwaJDgkcApPgPdI=mo,"모바일 어플 기준입니다. 1. Lg g8 thinQ 기종 간헐적 버퍼가 너무 심합니다. 평소에는 멀쩡하다가 한번 버퍼가 걸리기 시작하면 몇시간 동안 버퍼가 지속됩니다. 사용자가 많지 않은 새벽이나 아침시간에도 버퍼가 생깁니다. 2. Live 방송을 팔로워들 중심으로 화면 좀 띄워주세요. 프로필에만 불이 들어와있어서 방송이 켜진건지 확인도 어렵고, 내가 좋아하는 스트리머가 무슨 방송을 하고 있는지 알기가 너무 어렵습니다. 3. 보기 싫은 스트리머 차단&앱 최상단에 안뜨게 해주세요. 굉장히 불쾌합니다. 4. 간헐적으로 방송을 킬때 핸드폰이 다른 기능들이 멈춰버립니다. 다른 작동은 인식이 안돼고 방송만 나옵니다. Lg g8 thinQ의 기종 문제인지까지는 모르겠습니다만, 다른 어플들은 문제없는걸 보면 치지직어플과의 문제인것같습니다.",4,19,2.1.1,2024-01-22 04:50:55,,,2.1.1
44,44,848d7122-30e3-499c-abc4-7ac58e10eef6,큐로끄,https://play-lh.googleusercontent.com/a-/ALV-UjXS35oSBiUG9xhVl6TgISqlW98L-puyedMrrAJ3XgPBcC4,출시 초기임에도 불구하고 사용이 편리하여 잘 사용하고 있으나 건의할 사항이 있습니다! 1. 최근 치지직으로 건너온 스트리머들이 일반 유저에게 닉네임을 뺏기는 경우가 꽤나 많습니다. 따라서 사칭 신고 시스템을 만들어 처벌 및 닉네임 회수를 해야 마땅하다고 생각합니다 (혹은 중복닉네임을 가능하게 설정하고 인증마크) 2. 왜인지 모르겠지만 쾌적한 와이파이 환경에서도 퍼버링이 꽤나 자주 생깁니다,4,237,2.2.3,2024-02-23 17:09:16,,,2.2.3
45,45,7724acde-f59d-430d-a2e6-ed6d00e54d8f,동인김,https://play-lh.googleusercontent.com/a/ACg8ocLqavOmlPQoyzkkFBgZzHw-9xaescfoQao2Po8ecpJL=mo,다 좋은데 모바일에서 전체화면으로 보면 꽉찬화면을 해도 양옆만 채워지고 위는 가로로 비어있고 그거 때문에 위에 가로로 화면이 잘리고 밑 화면도 밀려서 잘려보이고 비율이 안 맞아요 고쳐주세요 모바일로 보는 게 너무너무 진짜 불편합니다. 제발 해결해 주세요. 그리고 프레임이 낮은 건지 트위치에선 안 그랬는데 치지직에선 화질은 좋은데 뚝뚝 끊기는 느낌이 듭니다.,1,47,2.0.1,2023-12-20 04:49:41,,,2.0.1
46,46,a830fdb5-b76c-49c1-b6f8-798678a51b87,쓰딸라,https://play-lh.googleusercontent.com/a-/ALV-UjXmRDmiaDnRfZEc5ZeCUN5-eAk7_OII9aYiBNX5HvT-Frk,딴건 아직 잘 모르겠고 메인화면에 추천보다는 방송중인 팔로잉 스트리머가 위에 떠야되는거 아닐까요(이건 수정되긴했네요. 하지만 미리보기나 다시보기도 같이 올라와야할거같습니다. 관심도 없는 추천항목은 보고싶지 않아서요) 다시보기도 시청을 중단한 부분부터 재생이 되어야할것같네요 그리고 영상스킵도 5초가 기본으로 되어있는데 적어도 10초는 되어야 할것같습니다 아니면 설정으로 변경할수있게 해두든지요,2,74,2.2.2,2024-02-07 06:45:02,,,2.2.2
47,47,fc965abb-29cd-4018-9a5b-ad044d22b02e,고현규,https://play-lh.googleusercontent.com/a/ACg8ocKvWkcWNBrdY2H1jz6uKr0Zdo3pXMO4U_9Xdq7VO8aB=mo,"홈화면 가로모드지원&버즈등 무선이어폰과 연동문제(예, 1. 무선이어폰을 뺏을 시 화면일시정지 안되고 스마트폰 스피커로 바로 전환돼버림. 2. 버즈 터치컨트롤로 재생관련 컨트롤이 안됨 등.) 해결이 필요해보입니다.",3,1,2.3.1,2024-03-07 09:27:07,,,2.3.1
48,48,5fdd9cb3-6fe4-4748-bef8-661c815e7478,호우,https://play-lh.googleusercontent.com/a/ACg8ocLlw7LjABHGNLQF8XTG8raPCz7yTXgbSmJ65DPhdma7=mo,2가지 요청드립니다. 1번은 치지직 앱에서 방송을 시청하다가 뒤로가기를 눌러 치지직 메인화면으로 나오면 앱자체 pip가 아닌 안드로이드 시스템 pip가 적용되어 매우 불편합니다. 다른 앱으로 동시에 영상을 pip로 보고있으면 다른 앱 영상이 자동으로 꺼집니다. 유튜브 트위치 아프리카 모두 방송 시청중에 앱 메인화면으로 나오면 앱자체 pip가 적용됩니다. 2번은 태블릿 가로모드시 메인화면 구성을 pc브라우저에서 접속할때와 동일하게 만들어주세요. 지금 태블릿 가로 메인화면은 사실상 핸드폰 버전을 가로 회전한거에 불과합니다. 가로로 넓은화면을 전혀 사용하지 못하고있어요.,3,22,2.0.4.1,2024-01-04 13:26:32,,,2.0.4.1
49,49,c91342b7-7547-48b6-8189-e500eccbacd6,Sopher,https://play-lh.googleusercontent.com/a-/ALV-UjULPSNwKEMihQjJ_5KamfqhWuxIKXGTYyyACfjje2BVPzw,개발자님. 제발 영상 켜 있는 상태에서 앱 종료하면 pip안되게 해줘요. 트위치 앱처럼요. 그냥 뒤로 가기만 눌러도 앱 자체가 꺼지는 트위치 앱과는 다르게 왜 치지직은 앱 종료했는데도 pip 영상으로 전환되는거에요;; 끄려면 두번 누르는 수고가 필요하잖아요... 트위치 앱처럼 모바일 홈버튼 누르면 pip 지속되고 그냥 뒤로가기 누르면 앱 종료되게 해줘요. 가뜩이나 트위치 망해서 빡치는데,2,6,2.3.0,2024-02-26 13:48:27,,,2.3.0
50,50,972cf6b6-b79d-48ca-87be-83dbdd056e7d,임재영,https://play-lh.googleusercontent.com/a-/ALV-UjVbG67vnydrUGWJ-jTnetVwKmTR_cGhSGDDL9YrqyKVqus,개선사항이 많이 남았다고 느껴지기더 하니만 상당히 잘 만들어졌다고도 생각합니다. 그중에서 빠르게 개선이되야 한다고 생각하는부분은 추천목록이 팔로잉 목록보다 먼저 떠서 찾기가 불편하다는것 과 팔로잉 목록이 방송중일때 방송이 노출되는 형식이 아닌 채널로고에 라이브 표시만되어 방송중이지 구분하는게 불편한부분은 빠르게 개선되야 한다고 생각하는 부분입니다.,4,4,2.0.3,2023-12-23 20:42:10,,,2.0.3
51,51,3e749b82-1d22-4d28-871b-787f863a6446,알파카,https://play-lh.googleusercontent.com/a-/ALV-UjXRyfYQZINEqKRuHu9BKIYczPSKscv3sDS7bLJsp8GAQg,"1. 시작하자마자 팔로잉 채널이 보였으면 좋겠습니다. 2. 방송화면을 작은 화면으로 내렸을때, 클릭 한 번만으로 혹은 드래그로 보던 방송화면이 다시 채워지도록 바뀌면 좋겠습니다. 3. 좌우 밝기와 소리 조절 범위를 줄여주세요. 너무 넓어요. 4. 다른 음악 재생 앱 or 영상 팝업창이 켜진 상태로 앱을 실행할때 음악 재생 앱이랑 다른 영상이 멈추는 현상 없애주세요. 방송을 시청하지 않더라도 멈추는건 불편합니다.",3,4,2.0.1,2023-12-20 09:26:23,,,2.0.1
52,52,f4790f22-70fe-4785-a7cd-736aa898ac0c,mm,https://play-lh.googleusercontent.com/a-/ALV-UjWPdbPp9dGGvhs65t7Z1RH7k7GGc-Jbb6kdxczT1BppDgg,베타 치고는 화질도 ui이 편의성도 좋고 실시간 수정 반영되는게 좋습니다. 근데 라이브 스트리밍이 길면 다시보기 업뎃 오래걸리고 1080재생 안되는거랑 버퍼링 문제는 정식 출시 후 안정화되면 괜찮아지나요? 1080재생시 버퍼링 심해서 720으로 낮춰봐도 버퍼링이 발생하니.. 같은 환경에서 유튜브는 1080 재생해도 끊김없이 재생되는데 라이브 스트리밍은 720도 버퍼링이 생기니까 방송 보기가 좀 꺼려집니다. 빨리 개선되면 좋겠어요.,4,3,2.0.1,2023-12-20 07:10:23,,,2.0.1
53,53,c22a7d79-cfe9-41f4-bc0c-c3c14d56fd64,김가오리,https://play-lh.googleusercontent.com/a-/ALV-UjUuLGPcb1Ld6Q82idz0q9JX7ucAbzDFfD9okqTP4Fwodg,이제 막 생긴 앱이고 앞으로 많이 발전하겠지만 아직 불편한 점이 조금 있습니다. 근데 제가 생각하는건 수위 규정이 너무 빡센거 같다는점... 딴거 다필요 없슴다. 수위 규정 조금만이라도 넓혀주시면 어떨지...ㅠ 뭐 이건 개인적인 바람이고 앞으로 발전할 치지직 기대합니다.,4,0,2.3.0,2024-02-26 16:30:29,,,2.3.0
54,54,07b00d53-6016-42bd-8700-284d28a12c82,정수빈,https://play-lh.googleusercontent.com/a/ACg8ocLFgzoQHaEEIe4DyT_dYsDACo0BSE0JQAZO_X9s1ahS=mo,"일단 화질이 좋아진 점에 대해선 좋습니다. 깔끔하게도 보이고요. 하지만 불편한 점이 있다면 1. 19제한이 걸렸을 때, 썸네일에 뭘 하는지 보였으면 합니다. 그리고 가끔씩 제한이 걸릴만한 게 아닌데도, 걸려있는 경우가 있습니다. 그런 점 개선 부탁드리고, 2. 다른 앱을 켰을 때, 라디오처럼 들리는 경우가 있습니다. 3. 채팅을 좀 눈에 띄게 바꿔주시면 좋겠습니다. 4. 홈 화면에 광고가 뜨는데, 왜 웹툰이 광고로 뜨는지 모르겠습니다. 5. 방송을 시청할 때, 포인트 같은것, 지속적으로 시청할 때 보너스? 같을 것도 생겼으면 합니다. 이렇게 말한 것들을 고쳐주시면 감사하겠습니다.",2,53,2.2.3,2024-02-21 13:30:42,,,2.2.3
55,55,b1e93382-1674-4062-bd23-f41fd8c23b00,박소연,https://play-lh.googleusercontent.com/a/ACg8ocIFCXiFmqFFTf1Qr7z6B_RU01QYAD0iHzff9BJxtn2J=mo,"화질좋은거 너무 좋아요. 다만 처음 들어갔을 때 뜨는 창에 이것저것 너무 많아서 복잡합니다. 맨 위에 시청자 수 많은 채널 띄우는것보다 팔로잉 채널 영상과 비슷한 류의 채널등, 사용자가 더 많이 찾아보는 영상을 띄우는 게 더 좋을 거 같아요. 종종 보기 싫은 류의 채널이 뜨는데, 들어가자마자 나오는게 좀 별로였어요. 새소식은 팔로잉 채널이 아니면 안뜨면 좋겠어요. 추천채널은 나중에 바뀌겠지만 보지도 않는 류의 채널 말고 보는 것과 비슷한 류로 뜨면 좋겠어요. 그 밖은 괜찮아요.",4,6,2.2.3,2024-02-26 15:03:55,,,2.2.3
56,56,bc1cf105-538a-47a1-a16f-72171aeab32c,롤스시롤케익,https://play-lh.googleusercontent.com/a/ACg8ocJPN4A_88pc8OxcCnnfUN-UNSXJd52HlwJP8QtDT1jl=mo,1.팔로우중인 채널도 방제랑 하고 있는 게임 바로 볼 수 있게 해주세요 직접 들어가야 볼수 있는데 그마저도 광고때문에 바로 못보고 5초 기다린 후에 볼수있는게 너무 불편합니다 2.영상 좌상단 내리면 화면 어두워지는거 넘 불편합니다. 유튜브 트위치에 익숙해져서 그런지 좌상단 내리면 영상이 축소형으로 내려갈것을 기대하는데 실제로 그렇지 않아서 넘 불편합니다 쓰다보면 적응하겠지 싶었는데 아직도 적응이 안된걸보면 불편한게 맞는것 같아요,3,4,2.1.1,2024-02-18 03:34:37,,,2.1.1
57,57,3e9db682-8d89-4323-8718-2f9939bbd663,독사과 (독사과),https://play-lh.googleusercontent.com/a-/ALV-UjUTO0DdVy69BZXlODYdtuymam0MlRa8ZKFMmHIuWJ_9sCY,크롬캐스트로 전송하면 제대로 제어가 안되고 소리를 조작할수 없고 휴대폰 알림창에 제대로 표시가 안되며 시작할때 버퍼링이 심하고 일반적으로 재생할때 비해서 10초이상 딜레이가 발생합니다 그리고 pip모드 안하면 뒤로가서 타방송을 확인조차 할수없고 크롬캐스트에 연결된 상태라면 연결이 끊겨버립니다 제발 트위치어플을 참고해서 수정해주세요 제보해도 영상이나 사진첨부안하면 우린몰라라고 하는데 직접 테스트를 해보세요 그냥 스트리밍어플에 전혀 관심없는 사람들이 대충 성과내기용으로 만드는거 같아요 요즘은 어플 개선도 안되고 홍보만 하기 바쁘네요 대충 만들어놓은집은 금방 무너집니다,1,31,2.2.3,2024-02-13 13:49:03,,,2.2.3
58,58,dc2f5d24-5bc6-4384-93d2-9dcc93601d1f,수박,https://play-lh.googleusercontent.com/a/ACg8ocLDRfWXIGlh-f2wMp8p6uzk4dG_R9H9g9GwUO3wyPyt=mo,신기하게 pc가 폰보다 훨씬빠름 분명 같은 앱으로 하는데도 그리고 폰으로 방송킨상태에서 다른것도 좀 할려고 홈버튼누를때마다 화면이 잠깐 치지직 홈화면에 휴대폰 홈화면이 겹치고 사라지는데 좀 소소해도 불쾌하긴하다 이거임 그리고 렉이 간간히 걸림 참고로 s24라 절대 폰 자체 문제가 아닌 앱의문제 만약 특정폰은 호환이 쉣이다? 그래도 앱이 문제인게 호환성이 그만큼 떨어진다는게 반증이되는거지,3,1,2.2.3,2024-02-18 19:45:43,,,2.2.3
59,59,a3af0067-7a85-44fc-8200-042bb89ca036,전수빈,https://play-lh.googleusercontent.com/a/ACg8ocIulSwduzJFrSdxqCH2PatPrUaScdC4zSqwSM4nXjzm=mo,다 좋은데 왜 메인화면에서 내가 팔로우한 채널은 방송을 켰는지 안켰는지만 보여주고 내가 팔로우 안한 채널들은 방송제목+화면 심지어 상단에 제일크게 화면 실시간으로 보여주는것도 모르는 채널 방송인걸까요? 팔로우 한 채널들 정보가 우선적으로 전달이 되고 다른채널들도 겸사겸사 보여야지 우선순위가 잘못잡혀있네요,1,28,2.2.3,2024-02-19 15:17:47,,,2.2.3
60,60,a984bcb8-5a06-464e-b569-b2e43e6fe24b,Vekan베칸,https://play-lh.googleusercontent.com/a-/ALV-UjUaRl9qLl3wbzN680F7VtJ1cfaWAiSWjiH2q595lN1twVI,다 좋은데 모바일 플레이어 화면 내릴때 소리랑 밝기 안바뀌게 해주세요 어차피 사람들 필요하면 알아서 밝기랑 소리조절하는데 굳이 따로 조절해야하나 싶음.... 그리고 동영상 콘텐츠는 유튜브처럼 화면 누를때 2배속 재생도 있었으면 좋을거같음 영상 길이가 대체로 길어서 2배속을 좀 편하게 볼 수 있으면 좋을것같음,4,1,2.1.1,2024-01-19 18:40:50,,,2.1.1
61,61,06e7e867-fd68-4ae6-8f89-40ed1226f020,D R,https://play-lh.googleusercontent.com/a-/ALV-UjV_xyPRBq_OtcPfIMSNyFgXuhuonXq_u0vV_XbNZoaNTQ,영상을 다시보기가 가능해서 좋아요그리고 화질이 깨끗하고 소리도 선명해요. 근데 생방송 볼때마다 가끔씩 갑자기 버터링이 걸리고서 버터링이 오랫동안 계속 그 상태로 있어요.,3,0,2.3.0,2024-02-28 04:14:40,,,2.3.0
62,62,c152d2d9-ad37-487e-838a-73329f12a588,Seyeong Jeong,https://play-lh.googleusercontent.com/a-/ALV-UjX5vA__8wY5IEB90cbtVRldL104uc4DQ4c_fNiGAnQb1N4,"관심도 없는 추천채널을 왜 계속 상단에 고정한채로 보여주는건가요... 제가 팔로우한 채널이 방송중인지, 방송중이라면 어떤 방송을 하는지 썸네일로 가장 먼저 메인화면 상단에 보여주는게 당연한건데... 그리고 관심 아예없고 보기싫은 스트리머를 차단했는데 추천채널에는 왜 계속 뜨나요? 추천채널이 메인화면 상단에 고정되어 있는것도 짜증나고 차단한 스트리머가 추천에 계속 떠서 더 짜증나고... 아예 추천채널 자체를 없애는건 어떤가요? 왜 자꾸 관심도 없는데 멋대로 추천을... 하는걸까요ㅎㅎㅎㅎ 그놈에 추천채널ㅋ 아 그리고 채팅창 글씨 크기를 선택할 수 있게 해주세요. 글씨가 좀 작네요.",2,21,2.1.0,2024-01-07 07:23:24,,,2.1.0
63,63,02d0566a-4efb-4440-8063-a112f3a9dab1,SJ H,https://play-lh.googleusercontent.com/a/ACg8ocJtELtaG8yvEz5aiGrogVZDZ6DIRU8M9fHujvk4Y3g9=mo,"치지직 베타라 정신없을텐데 바로바로 긴급패치 해주셔서 감사합니다. 일단위로 앱 업데이트하기 쉽지 않을텐데, 바로바로 채팅 애니메이션 제거, 태블릿 최적화, 채팅 색상 추가, 음량 및 화면 밝기 조절 비활성화 옵션 등등 필요한 것 다 추가된 것 같네요. 크롬캐스트도 되기를 기원합니다",5,6,2.0.3,2023-12-22 15:12:53,,,2.0.3
64,64,51f54bfd-e520-4357-9511-5fc327f0faa4,박영인,https://play-lh.googleusercontent.com/a-/ALV-UjXe9VOMd0bSGQCRimI9laGtip0888ifP3OZKi0qQ4eyY_E,아직 안정화가 덜 되었는지 저속테이터 환경에서는 저화질로 재생해도 끊김이 있네요. 유튜브나 트위치는 같은 환경에서 끊김없이 재생되는 거 보면 기술력 문제거나 실시간 영상 재생 시 불필요한 데이터 사용이 많은것 같습니다. 오디오 모드도 끊기는 건 좀 과해요.,2,15,2.0.1,2023-12-20 11:35:24,,,2.0.1
65,65,3311a392-55de-4283-a1d9-c5a7b2e93c5e,THE Rocky,https://play-lh.googleusercontent.com/a-/ALV-UjVXKIZQYOGp6TfLYCjTAppb07p95MEbnDBR78Y-SgW4og,해외시청자는 일부지역을 제외하면 1초당 버퍼링이 걸려서 아예 시청자체가 불가능할정도입니다. 이는 타한국라이브스트리밍회사(아Xxxtv)는 해외 시청자들도 고화질을 무리없이 시청할수있는거보면 개선이 확실히 필요합니다.그래서 현재 트위치에서 넘어가질 못하고있음. 이는 라이브 스트리밍이 되는 모든 네이버 서비스에 동일한 문제로 보입니다.기존 네이버NOW포함. 물론 다시보기는 버퍼링없이 한국과 동일한 환경에서 시청가능합니다만. 그외에 자잘한Ui나 이런건 베타중인관계로 점차 업데이트 혹은 수정이 될것으로 보이니 언급으안하겠습니다.,4,2,2.0.3,2023-12-23 21:16:41,,,2.0.3
66,66,95031bf8-4870-45f3-b039-da9f48d8b272,김준우,https://play-lh.googleusercontent.com/a-/ALV-UjXIIA2fWS0NwIWhUpSJgV20km_qz5puX6UulPnXonk2Cw,세로로 보다가 뒤로가기 누르면 팝업 플레이로 되는데 팝업 플레이 말고 그냥 하단에 동영상 정보랑 같이 자연스럽게 작아지는게 더 좋을거같아요 (유튜브 처럼) 팝업플레이 은근 불편하네요 홈버튼 눌러서 홈으로 갈땐 팝업플레이 좋은데 뒤로 가기 햇는데 치지직앱 내에서도 팝업플레이로 간소화 되는건 너무 직관성이 떨어져요,3,1,2.1.0,2024-01-09 14:30:52,,,2.1.0
67,67,d8c58bb4-de12-44c0-9ea8-a356717aa0a1,earlyou,https://play-lh.googleusercontent.com/a-/ALV-UjXiN6dpn4d8TCUCvxkEUlBaHEegvgUlj7Hk4HOYNjWabf1_,"안드로이드TV 어플리케이션도 만들어주셨으면 좋겠습니다. 한국 기업들 공통적인 특징인데, 어플이 너무 지저분합니다. ""라운지"" 메뉴나 ""오리지널"" 메뉴같은 쓸데없는 메뉴는 왜 있는건지 모르겠습니다. 제발 지저분한 기능 다 빼고 치지직 기능에만 집중했으면 좋겠습니다.",3,3,2.0.1,2023-12-20 18:19:16,,,2.0.1
68,68,58f27f5b-0160-45d0-a0e1-7ddf6568a1db,이동원,https://play-lh.googleusercontent.com/a-/ALV-UjUILD14faVBOeELIpgcuxRxYpeYP2DpthSKzEg476kjrxQ,"태블릿 가로로 돌렸을때 제일 상단에 추천방송이 길게 뜨는데, 방송 화면비율로 만들고 아래 추천방송이랑 같이 묶어서 스택으로 넘길수있게 하는게 좋을거같아요. 지금 추천방송리스트 부분은 팔로우방송이 올라오는게 좋을듯 채팅도 버튼이 화면위에있어서 불편한데, 화면아래로 내리거나 화면 두번눌러 채팅창이 켜지고 꺼지는게 좋을거같아요 좋은서비스 감사합니다",5,8,2.0.3,2023-12-23 05:17:44,,,2.0.3
69,69,7363abad-4f8c-41d3-a278-56dfaba4ae1c,솨님,https://play-lh.googleusercontent.com/a-/ALV-UjWmVqPEWXnJUnPc46edoUvPjFMZOv3KluAJYudZvyc-Obw,"전반적으로 화질이랑 채팅창 구성 다 괜찮습니다! 그런데 집에서 항상 스마트tv에 플랫폼을 연결해서 시청을 하는데 아직 연결 시스템은 개발이 안되어진거 같아요. 경기들은 큰화면으로 봐야 보는 맛이 나서 항상 tv로 시청했는데, 타플랫폼들은 tv연결이 앱 자체에서 버튼이 있어서 가능한데 치지직은 안되다보니 집에서 볼땐 타플랫폼을 이용할 수 밖에 없더라구요. 이부분 개발 좀 해주세요!!",4,1,2.1.0,2024-01-19 10:12:03,,,2.1.0
70,70,dad42f27-1136-4d20-b6e2-c060c4d869ff,하맛하마,https://play-lh.googleusercontent.com/a/ACg8ocLQJrS8kpIa2n-OKGuhXcuqRBgf2G8zzJ8B_VrTKQI=mo,아니 모바일일때 가로로 화면 고정해놔도 방송리스트 갈때 멋대로 세로모드로 전환 또 방송국 들어가면 또 반대로 세로 모드 왔다갔다. 다른어플은 안 그런데 이것만 왜 이러나요 도대체 이건 너무 .. 대학생이 만든 어플들도 모바일 가로모드 적용이 이렇게 허접하진 않아요,1,19,2.0.1,2023-12-20 14:28:28,,,2.0.1
71,71,e525cb19-5f29-4bf3-9513-dfd4a87a2abc,ossos osos,https://play-lh.googleusercontent.com/a-/ALV-UjW-R2P8I5rKmmIK59VkwBD66MwOrppKKdb3dL9MrkBf5w,실제 방송 보면서 다양한 기기로 테스트 해보시나..불편한점이 너무 많아서 다 쓰기가 어렵네요..개발진분들 고생하는건 아는데.. 아프리카나 트위치 보다 쓰기가 너무 불편함 다흔 플랫폼은 스맛폰 화면 꺼도 라디오 모드로 들을수 있는데..이건 바로 방송 꺼져 버리고.. 잔잔바리하게 불편한게 한두가지가 아니네요,1,27,2.2.0,2024-01-26 17:16:09,,,2.2.0
72,72,3cd22388-b473-444b-ae86-3d05d5d3344d,우현하,https://play-lh.googleusercontent.com/a/ACg8ocJz13T5ZhoOdVIPYIVSlgR_l2dP2VYcSVkkXGvAVhWX=mo,너무 좋다 그러나 100기가를 쓰고 속도제한 5mbps를 쓰는경우 타사의 720p는 버퍼가 없으나 치지직은 버퍼가 있다. 치지직의 720이 더 화질이 좋아서인가? 결국 속도제한이 걸린상태로 보게 된다면 480p로 봐야 버퍼가 없어져서 치지직을 안보게 된다. 그것빼곤 너무 만족하며 사용중이다,5,6,2.0.3,2023-12-26 14:10:11,,,2.0.3
73,73,d72f3c68-18ab-4cba-a552-776649aa8541,신서흔,https://play-lh.googleusercontent.com/a/ACg8ocKW-FEYPWuYvzByB6BfV1WSXoPlDhRws-qrIregPCxk=mo,치지직 앱 실행하면 팔로우한 채널들이 먼저 보이고 그 밑으로 추천 채널이 따로 보이는게 맞는 것 같습니다. 들어가자마자 팔로우+추천 채널이 같이 보이는게 너무 불편해요. 그리고 게임 카테고리 별로 어떤 방송을 하고 있는지 볼 수 있는 기능이 있으면 좋겠네요.,3,4,2.0.3,2023-12-23 06:10:44,,,2.0.3
74,74,2e71a151-a869-4c4c-9c45-4c4c9d5411ed,강지현,https://play-lh.googleusercontent.com/a/ACg8ocI60pZ0WFOp3ZIbJE1YHixtLelHOL3OMynbqrSCBb0J=mo,단점 1. 치지직 들어가면 내가 팔로우한 사람들의 방송보다 추천 방송이 먼저 나오는게 불편함 2. 내가 팔로우한 사람들이 어떤 방송하고 있는지 보기 불편함 3. 전체화면 상태에서 두번 터치하면 댓글창 나왔으면 좋겠음 장점 1. 고화질 2. 스와이프를 통해 음량이나 화면밝기 조절 가능,3,3,2.0.3,2023-12-28 13:43:58,,,2.0.3
75,75,7188ad51-31c5-4ef4-af60-f577a4e641b7,김은지,https://play-lh.googleusercontent.com/a-/ALV-UjVCslOcVrLaSPPMDc1pcObU6LsRwC7JDKcKN-54-6kJNIJj,다 좋은데 다시보기 영상볼때 재생바를 이동하는데 양쪽 사이드 부분이 스와이프 제스처가 적용 되서 자꾸 뒤로 나가져요.. 유튭처럼 재생바 부분만 제스처가 적용이 안되거나 제스처 부분을 피해 앞뒤를 짧게 잘라 재생바를 만든다면 참 좋을거 같습니다 치지직은 할 수 있다고 믿습니다!!,5,2,2.1.1,2024-01-20 23:16:47,,,2.1.1
76,76,f7af9a0b-7e5a-4890-8d21-baf067a2a22f,송종원,https://play-lh.googleusercontent.com/a-/ALV-UjX6yfasJCA47YCLUXar6yLiNiERdMQ5wdApmv5o4rmHgqU,"굿!! 일단 화질에서 너무만족스럽습니다. 하지만 화면의 밝기 조절이랑 음량 조절이 양옆에 있어서 작은 모드로 바꿀때 좀 불편감이 있었습니다. 검색을 좀 더 편리하게 해주셨음 좋겠습니다. 예를들어 마인크레프트, 롤 등... 구분을 지어서 만들어서 쉽고 빠르게 검색가능하도록 해주세요. 나머지는 좋게 사용중입니다.",4,1,2.0.2,2023-12-22 12:40:42,,,2.0.2
77,77,60049267-6c62-47fb-96c4-e1816c5b5aeb,지원지투,https://play-lh.googleusercontent.com/a/ACg8ocIKzWmLdZkYUN27cE6dJQwsIVpms7P8-_rYBQsoU8GD=mo,가장 마음에 들었던건 고화질로 방송을 시청해도 버벅거림이 전혀 없었고 시청환경이 굉장히 쾌적했습니다. 또한 단순히 스트리밍만 볼 수 있는게 아니고 e스포츠 메뉴랑 라운지 메뉴도 함께 있는게 마음에 들었습니다. 마지막으로 다른 스트리밍 사이트들은 도네이션 충전하는게 많이 번거로웠는데 네이버페이로 간편하게 결제가 가능해서 너무 좋네요~,5,5,2.0.3,2023-12-24 02:42:04,,,2.0.3
78,78,b00520a4-0066-47c3-a5a8-d1ea143648be,Antisound (AntiSound),https://play-lh.googleusercontent.com/a/ACg8ocKJcfwZ6iYltauSKOHEY6hsT1wyWKmYfsgzzQ3CbLRP=mo,메인 화면에 팔로우 채널이 아닌 추천채널 방송을 우선하여 보여주는게 불편하고 자동종료 타이머 기능이 있었으면 좋겠어요 밤 늦게 방송보다가 잠들어도 자동으로 꺼질 수 있게 해줬으면 좋겠내요. 그리고 피드백에 대한 빠른 수정이 이뤄지고 있는 중이라 아주 기대가 됩니다.,5,2,2.0.2,2023-12-22 15:14:37,,,2.0.2
79,79,b48c3929-bd75-421c-9f87-2ac34b105542,_주아,https://play-lh.googleusercontent.com/a-/ALV-UjWLnugYGm8sZKh8LVYBGdhgFxdtFYxmLwnmUrLKsM8pnw,방금 방송 시청해봤어요. 괜찮은 듯 해요. 하지만 제가 약한 데이터를 쓰고 있는데 라디오 모드로 시청을 할 때 많이 끊기더라고요. 기존 플랫폼이였던 트위치는 그러지 않았는데 말이죠.. 그리고 방송 화질도 180p를 추가해주셨음 해요. 느린 데이터 쓰는 사람도 배려해주셨으면 좋겠습니다.,3,0,2.0.1,2023-12-21 09:52:40,,,2.0.1
80,80,d1869d45-ee10-4be6-b0b6-1bb796550b15,실프,https://play-lh.googleusercontent.com/a/ACg8ocJ2mHo1uCMzVWWKu63HUqiue0BUjV_NxvMxQNq6qks=mo,다 좋은데 통화중 영상재상이 안돼요.. 트위치 유튜브 등 다른 영상앱은 통화중 영상소리가 다 나오는데 네이버tv 치지직류만 싹다 화면이 멈춘상태로 재상안됩니다. 들어갈때 나오는 5초광고땜에 그런거같은데 수정좀 해주세요.. 신기하게 방송을보고있는 상태에서 내가 전화를거는건 또 소리가 남.,3,0,2.1.0,2024-01-05 09:38:23,,,2.1.0
81,81,bbc1afbb-3f57-48ef-bc5a-0eccb6b4b619,sbs u,https://play-lh.googleusercontent.com/a-/ALV-UjXdxWxpXoKhAbU5XVu0TIQLkpph5kWraKU9YIGYqknvuw,트위치 이어받은 느낌이라 좋긴한데 진짜 심각한 문제가 몇개가 있어요 왜 영상보다가 가끔 모든 화면 먹통이되고 영상을 끄거나 앱을 끄려는 시도조차 못하는 경우가 있는데 이런게 지속되면 휴대폰에 영향가는거 아닌가요??? 강제종료를 해야만 풀리는문제라 심각한것같은데 아직까지 해결이 안되네요,3,2,2.0.4,2024-01-01 08:17:02,,,2.0.4
82,82,3994bbac-1136-4f8b-8d3e-16d07ba443ec,문태웅,https://play-lh.googleusercontent.com/a/ACg8ocJ1GYXG3ALs3CKH72eAai1UdvbQFUQGmWAslb5prvhn=mo,"집에 있는 여러기기로 앞,트위치,치지직 잘 작동하는지 보는데 S6 엣지에서 치지직의 개적화를 느꼈다 (""백그라운드 라디오"": 방송 틀어놓고 홈키를 눌러도 라디오가 들리게 하는 기능.) 앞:가능 트:가능 치:불가능... 설정에서 문항 자체가 사라짐 (""pip모드"": 화면을 밑으로 내려서 작은 화면으로 바꿔 다른 방송들 뭐하는지,인터넷 보면서 작은 화면으로 방송 보기 등을 할 수 있는 기능.) 앞:가능 트:가능 치:불가능(매우 불편.화면을 내리면 작아지는게 아니라 그냥 방송 자체를 꺼버린다) 방송 보는데 중요한 이 두개를 세 플랫폼 중 치지직만 안 되는데 개적화의 냄새가 솔솔 피어난다",1,21,2.2.0,2024-02-01 12:34:22,,,2.2.0
83,83,51d3fa3d-d88f-4daf-8376-232224ce87dc,HYun K. (M._Hyun),https://play-lh.googleusercontent.com/a-/ALV-UjVw9rME1G5enVaI3pWh3ksocXBLAjuBKyG0lTVDrY_8ibM,알람이 오고나서 삭제하거나 확인못하고 나두면 계속 울리거나 똑같은 알림이 계속옵니다 혹시나해서 방송을 들어갔다가 앱을 종료해도 무의미하게 알림이 계속옵니다 쉬는 도중이면 몰라도 일하는도중에 이런 오류가 발생하니 참으로 난감합니다 알림관련해서 패치 부탁드립니다,3,4,2.0.3,2023-12-26 11:32:03,,,2.0.3
84,84,df0bd7fe-d19f-47f5-a35e-8f6a66208c81,박홍균 (phg0520),https://play-lh.googleusercontent.com/a-/ALV-UjXvNgK0MQ5w2Jrz0n8qldGvjgD0SJx01JuFy5UO1EywTQA,전체적인 구성은 깔끔해서 괜찮은데 방송화면 창모드라해야하나 작게 만들면 버튼 표시는 뜨는데 전체화면이나 창닫기나 설정 버튼이 아예 작동을 안해서 앱에서 홈버튼 눌러서 나가면 화면을 못끄고요 그상태에서 앱에 재접속하면 오류나서 핸드폰을 껏다가 켜도 버그가 그상태로 유지됐어요 그나마 잠금화면에서 알림내용에서 라디오모드일때 처럼 뜨는 그거에서 x표시 눌러서 꺼서 해결했는데 아직 제꺼 핸드폰 기종에선 실사용이 불가능한거같아요,3,0,2.1.0,2024-01-08 21:46:15,,,2.1.0
85,85,26916cf7-5863-4eb5-9308-8024f4f21790,agasi0u s,https://play-lh.googleusercontent.com/a/ACg8ocIY-Nd67YZHRAU_HvUm_RaZ1XuPKu42Yt9wsi6upEC0Yw=mo,1. 3초 간격으로 이어지는 버퍼링 고화질이라 버퍼링이 걸리는게 아님 720으로 해도 버퍼링 계속 걸림 대체 언제까지 이러고 있어야함??? 제일 짜증나는 부분임 이게 1-1. 앗 버퍼링 중 잠시만요 문구 없애주면 안되나 볼때마다 짜증나는데 2. 다시보기를 하는데 왜 채팅창이 안 뜨는지 이해불가 댓글창은 필요없고 그 방송 당시 채팅창을 띄워줬으면 좋겠음 3. 게임이나 라디오 등 카테고리 설정을 했을때 방송시간 내내 한 게임만 하는게 아닌데 다시보기에서는 하나의 카테고리만 나옴 -> 카테고리를 누르면 그 방송에서 변경한 카테고리가 전부 떴으면 좋겠음 그리고 그 카테고리를 누르면 카테고리가 변경된 시점으로 이동까지 가능하게,1,11,2.1.1,2024-01-21 19:03:53,,,2.1.1
86,86,eb1171c9-bfbf-4fba-b8d5-d29f026c044e,SW J,https://play-lh.googleusercontent.com/a/ACg8ocJdWMd9t0EEf6baj6OmsCv9XQuQ0uuKJB8CRWUITjgz=mo,"1. 라디오 기능 좀 넣어주세요! 백그라운드 오디오로 라디오처럼 들으려는데, 화질 최대한 낮춰도 데이터소모가 너무 심하네요. 2. 그리고 티비앱은 언제 나오나요? 그동안 일반유저가 만든 비공식앱으로 티비시청 해왔는데, 3월5일부터 api를 막아버렸다고 하더라구요. 막을거면 공식앱을 출시를 해주던가요 ㅠ",4,5,2.3.0,2024-03-05 10:18:11,,,2.3.0
87,87,525a287e-07df-4eb6-a013-7c70124e3c14,전태원,https://play-lh.googleusercontent.com/a/ACg8ocIMfAesPnm8LxSphsFODNWcwtWQM7gOR-ge8UPeoxOd=mo,태블릿으로 볼때 가로모드로 되면 양 옆이 비고 pip 모드했다가 전체화면으로 변경시 멈출때가 가끔있네요. pip모드 끄면 쾌적하긴한데 아쉽습니다. 방송채널도 팔로우 부터 보여줬으면 좋겠어요. 보고푼 방송보려면 두번 스크롤내려서 찾아야해서 불편합니다,3,0,2.0.1,2023-12-21 14:38:10,,,2.0.1
88,88,987967c0-73a2-45d2-a0bd-b8f273098443,성이름,https://play-lh.googleusercontent.com/a/ACg8ocLdB25LUAGprdksbAuijSL4e0sm3UCnv_SCq1Yr43ul=mo,고칠 부분 많지만 막 크게 불쾌한 경험을 초래하는 정도는 아니라 5점 드립니다. 시청중인 화면을 아래로 내리거나 뒤로가기를 한 번 눌렀을 때 바로 pip로 바뀌지 않고 화면이 축소되는 것으로 바뀌면 좋겠어요,5,0,2.3.1,2024-03-07 08:22:26,,,2.3.1
89,89,8c618260-d6a0-496e-a7b3-7044326934ea,류경완 (마인크립),https://play-lh.googleusercontent.com/a/ACg8ocKqBD426WmYKNackjqPxz-SAIX-1bj8bfjMB6wz9PZm=mo,"불편한점 : 휴대폰의 현재 모드에따라 다크모드/일반모드 자동 변경이 안됨. 즐겨찾기한 방송의 정보를 알기 힘들고, 시청자수 순 나열이 안되어있음. (안드로이드 한정) 작동 잘되다가 갑자기 꺼지는 버그는 android?google?webview 어플의 고질적 오류라 그 어플 업데이트 중지하시면 해결 가능합니다",3,6,2.2.0,2024-02-08 05:32:10,,,2.2.0
90,90,85b523ba-7b6e-4da1-961e-b226728bc90f,기린궁딩이,https://play-lh.googleusercontent.com/a-/ALV-UjWWjc6XjMk9nQWZV9fXtS3CZ96AT7z0l7mVfqmYnDpwrnE,버퍼링이 너무 심해요ㅠㅠ 보고 싶은데 계속 끊겨서 볼 수가 없어요 그리고 방송 화면에 나오는 채팅이 너무 작아요 좀 더 커졌음 좋겠어요. 팔로우한 방송을 홈 화면에서 제일 먼저 볼 수 있게 해주셨음 좋겠어요 화질은 깨끗해서 좋습니다,3,2,2.0.4,2023-12-30 07:37:50,,,2.0.4
91,91,01e12083-54a8-4456-af3b-12c08959c70c,이휴늘,https://play-lh.googleusercontent.com/a-/ALV-UjUIv7cxE-FT0ufdyZC6MN9ynWktzxfFaDITfS4drRFO2jVz,괜찮은것같습니다. 다른 플렛폼과 비교해도 나쁘지않을정도고요 방송시스템도 잘 되있는것같은데 좌 우 밝기조절or소리조절이 불편하네요. 밑으로 화면을 내리려고하면 계속 소리가 꺼져서 이 시스템만 조금 수정하면 괜찮을것같습니다 응원합니다,4,1,2.1.1,2024-01-16 04:44:16,,,2.1.1
92,92,7f3e1c14-20c4-4fae-b7e2-1c96807b5526,김기현,https://play-lh.googleusercontent.com/a/ACg8ocLmGkKxZoWlkYNQiNZ71rbQF7b2ng653Udo9xuGIX8q=mo,"전체보기 같은거 할 필요 없이 팔로우한 채널들 썸네일을 그냥 보여달라고요 추천 채널들은 그냥 표시 되면서 왜 정작 보려고 팔로우한 채널들은 귀찮게 ""전체보기""를 눌러야 되는거에요? 그리고 맨 위에 추천 채널 크게 표시되는거좀 없애줘요 뭐하러 추천으로 위,아래 화면을 다 채우는거에요?",4,4,2.3.1,2024-02-29 22:25:03,,,2.3.1
93,93,ba767109-9866-49a1-8b82-e5c49fd5d839,와네,https://play-lh.googleusercontent.com/a/ACg8ocJmHLoYTEhSakFHnPHmssMoBEAYZTk_XFOjJ6e2yP6f=mo,"업데이트들을 통해서 다 나쁘지않은데, 1. 밝기랑 소리 음량은 다른사람들 말처럼 설정을 통해서 바꾸게 해주셨으면 좋겠습니다. 너무 불편해요😢 2. 모바일에서 추천채널이 맨 위에 뜨는데 추천채널 말고 팔로잉 채널이 먼저 떴으면 좋겠습니다",4,1,2.0.3,2023-12-23 05:13:14,,,2.0.3
94,94,72292533-f65d-461f-a8f1-a5ef0f1dc2ee,권현솔,https://play-lh.googleusercontent.com/a-/ALV-UjUWz9gDk-kHMELfyw_wIv8Af8jtMOcdBqfpYuNUE_i0Zw,사용성은 만족스러운데 제발 버퍼링 걸리는것좀 해결해 주세요 별점하나준거 진짜 처음인데 몇초에 한번씩 버퍼링이걸리면 어떻게 보라는건지.... 네트워크 상태가 좋아도 다른 장소에서 봐도 계속 버퍼링이 걸리니까 볼수가 없어요,1,3,2.3.1,2024-03-01 14:39:23,,,2.3.1
95,95,34bbc3fc-5ef8-4467-a328-376bb379bc55,AGMN,https://play-lh.googleusercontent.com/a/ACg8ocKse_n48xhEUSOIH7_2iQMgxlQlypeS3Q2SI6EZaFAg=mo,솔직히 앱 키면 첫화면 배치 짜증나요. 내가 팔로잉한 방송을 보고싶은건데 불특정으로 뜨는 추천방송 자동으로 재생되고있고 그 밑으로 추천방송 목록이 잔뜩 있네요. 한참 내려가야 팔로잉 채널이 나오는데 여긴 심지어 프사만 떠있어요. 내가 팔로잉한 채널들이 무슨 방송 중인지 한 눈에 알 수도 없어요. 추천 방송은 좀 아래로 내리고 내가 팔로잉한 채널들이 우선 지금 뭘 방송하고 있는지 쉽게 볼 수 있게 바꿔주세요.,3,10,2.0.3,2023-12-22 17:45:52,,,2.0.3
96,96,b61b0619-ebf2-4831-9de8-e6630c3b1560,hera jung,https://play-lh.googleusercontent.com/a-/ALV-UjWH2_buBaqrkAqkhxRMy8ysX2fu_L64wbxWL6tnRRIRUA,지금 업데이트하고 나서 화질 설정창이 작동하지 않습니다. 화질을 높이기 위해서가 아니라 모바일 환경에서 버퍼링을 낮추기 위해 화질을 내리는 경우도 있는데 설정 팝업이 아예 작동이 안되네요,2,4,2.3.0,2024-02-26 12:22:06,"안녕하세요. 치지직 안드로이드 개발팀 입니다.
현재 테스터분들의 참여로 원인이 파악되었으며 곧 수정 될 예정입니다.
소중한 의견 감사합니다.",2024-02-28 07:52:29,2.3.0
97,97,84e9bc3e-3ad5-48c0-8e1c-d7c2720f7a6c,白곰,https://play-lh.googleusercontent.com/a-/ALV-UjWi66XB9dFo8zFwaqrHvo4sFX3mtQvKUdkmzLFYeJhjWg,확실히트위치와 비슷한ui로 편안한느낌을줘서 너무좋았습니다. 빨리 팔로우채널이나 라디오부분조금더개선하거나 카테고리가 나오면 좋겠네요 .치지직 응원하고있습니다 개발자님들 고생하시는모습이 눈앞에서 보일정도 열심히 진행해주시는것이 너무좋네요 화이팅입니다!!,5,3,2.0.3,2023-12-27 09:24:59,,,2.0.3
98,98,d3ecae95-22f1-4cce-b559-5acccd3a9198,미누성,https://play-lh.googleusercontent.com/a-/ALV-UjXsUDLlqgaIGs-XDPjZCVXYQPrObV7C_dmrB5YAkPoiQhcf,무한 버퍼링 이게 이 시대 방송 플랫폼이 맞는지 의심스럽습니다. 고화질은 버퍼링으로 인하여 절대 볼 수 없고 480p 360p로 설정해야 좀 낫습니다. 그래도 버퍼링은 그대로 존재합니다. 이 문제가 해결되지 않는다면 아마 이 플랫폼의 미래는 불투명할 듯합니다.,1,14,2.2.3,2024-02-15 12:14:12,,,2.2.3
99,99,af5adc0e-f4a0-4b29-bf17-e4832ca1635d,슈르르르,https://play-lh.googleusercontent.com/a-/ALV-UjWt8FtYHNmAIbMDMkRkkBET-rXcTnuWZRBfC81VzeDD50A,화질 좋고 UI도 깔끔해서 좋습니다만 모바일 환경에서 화면 스와이프 제스쳐를 끌 수가 없어서 화면을 내릴때마다 밝기와 음량이 자꾸 줄어들어 너무 불편합니다. 설정에서 끄고 킬 수 있게 해주세요. 그리고 방송을 보면서 다른앱을 쓰다가 다시 화면을 내리면 치지직이 아닌 다른 앱이 나오게 됩니다. 이부분 고쳐주셨으면 좋겠고 다크모드 강제되는것도 끄고 킬 수 있게 해주셨으면 합니다. 그리고 라이브 시청중 앱밖으로 나가면 PIP화면이 안뜨고 백그라운드로 재생됩니다. 또 백그라운드 재생이되면 치지직 앱이 시청화면과 홈화면으로 분리가 됩니다. 이때문인진 몰라도 백그라운드 상태에서 앱에 들어가면 화면이 안뜨고 계속 백그라운드 상태가 돼요. 이부분도 개선했으면 합니다. 그리고 지금은 화면을 내린 상태에서 끄려면 터치나 끌어서 가운데로 놔야 하는데 좌우로 제스쳐 했을때 끌 수 있게끔 해주시면 편할거 같습니다.,5,392,2.0.0,2023-12-19 04:21:33,,,2.0.0
100,100,b88d1dbb-1f38-4330-a2a3-9751a6b23a6a,도리도리,https://play-lh.googleusercontent.com/a/ACg8ocL6AaWy_gLQoGAYDqja6ATK-PLQDP0kJnG2OO9jskAD=mo,"전에 보던 플랫폼이 화질저하와 클립제한 등 이용하기 불편했는데, 한 줄기의 빛과 같이 등장한 치지직으로 스트리밍 서비스를 잘 즐기고 있습니다. 베타서비스라 아직은 부족한 부분들이 있지만, 이용자들의 불편한 점을 아주 빠른 피드백으로 고쳐주시는 모습이 정말 긍정적 입니다.",5,2,2.0.3,2023-12-27 08:48:32,,,2.0.3
101,101,7373d362-496e-46d6-819a-4b31c32a5c7e,테리오Terrio,https://play-lh.googleusercontent.com/a-/ALV-UjUnyzPxV4NLnxL5qWfbR9Ylqa8qHAa6B8mgK2JEWLv7drM,피드백 드리겠습니다. 1. 채팅 화면 가독성 저하 - 채팅할 때 부드러운 로딩 때문에 오히려 가독성이 떨어집니다. 잔상이 생기는 거 같으며 반동을 주며 올라가는 듯한 느낌이라 그냥 바로 로딩되고 한칸식 바로바로 순간이동하듯이 올라가는 느낌이 좋습니다. 부드럽게 올라가니깐 눈이 어지럽습니다. 2. 방송화면 채팅 관련 작은 글체 - 스트리머가 채팅창을 무한으로 키울 수가 없는데 세팅을 해놓으면 방송화면으로 보는 채팅창의 내용의 가독성도 떨어집니다. 특히 이모티콘은 심하게 안 보입니다. 뭘 쓰는지도 읽히지 않아서 채팅창을 보고 싶으면 강제로 채팅을 켜야할 정도로 가독성이 안 좋습니다. 3. 낮은 프레임(이건 느낌) - 1080p 지원은 좋은데 뭔가 프레임이 낮은듯한 느낌? 저챗방송은 괜찮은데 겜방송하면 좀만 사양높은 겜 하면 뭔가..프레임이 부드럽진 않은 거 같아서..이건 주관적인 느낌입니다. 만약 그렇다면 프레임을 올려주시는 것이 좋을 것 같습니다. 4. 라이트 모드 부재,3,154,2.0.0,2023-12-19 04:30:06,,,2.0.0
102,102,74460578-5d4c-4204-a32c-8bde71e0cbf7,HamEgg SandWitch,https://play-lh.googleusercontent.com/a-/ALV-UjXjTftYf91WqYr0hA9M_sjwt4iBWAJIc8lBo4W-KOHFjFo,좌우밝기볼륨조절 삭제 좀. 다시보기 너무 심각하게 늦게 올라옴. 다시보기인데 채팅창은 또 왜 없는지 모르겠음. 늦은 업로드+채팅이 없는 점에서 최상위호환 유튜브가 있는데 굳이 치지직 다시보기를 이용할 필요가 없음.,3,5,2.0.3,2023-12-23 19:53:33,,,2.0.3
103,103,b6d235d4-31f4-40e3-95b6-84f5e2f60a63,정태훈,https://play-lh.googleusercontent.com/a/ACg8ocL-b-haVPfElCi4tJJLzfGZRk7m0mQdLJN-VCpY_4wW=mo,"다 좋은데 라디오모드가 있으면 좋겠어요. 백그라운드 오디오가 있긴 하지만, 데이터 사용량이 너무 높아요. 초당 1MBps 언저리면 영상으로 볼 때랑 똑같은데, 음성만 받아와서 재생하는 모드가 있으면 좋겠어요.",5,2,2.1.0,2024-01-05 08:27:38,,,2.1.0
104,104,8adabd63-8702-4861-8700-6232dd78950d,아가하마(baby hippo),https://play-lh.googleusercontent.com/a-/ALV-UjVMB1zMVK23WnPG2iXtPCs4ZrlnIXrqkBoT6lhs2U38pg,메인 화면에 시청자순의 채널추천이 뜨는게 아니라 내가 팔로우해놓은 채널을 띄워주세요. 트위치를 베껴올거면 좀 제대로 가져오길 바랍니다. 그리고 채널 추천도 내가 관심있어하는 게임의 카테고리를 바탕으로 추천을 해주던가 그냥 시청자순으로 정렬 해두면 새로운 방송은 어떻게 접하나요? 진짜 모름,3,4,2.2.3,2024-02-15 10:09:06,,,2.2.3
105,105,6cc738c0-9691-4bd6-8264-ef74ed5c9b25,성수(홀리워터),https://play-lh.googleusercontent.com/a-/ALV-UjVRA6UpqJ_BzuUrykQ7UD97-l7r4P3p5Z7Bi_6efa1uVXo,"우선 갤럭시탭 S9으로 최신 태블릿인데도 불구하고 실행시 해상도가 안맞아 동영상이 10분 지나도 + 재부팅 3번해도 영상이 동작하지 않고 제발 태블릿에서 자동회전 혹은 가로모드 고정 중일땐 최적화로 세로모드로 머리를 왼쪽으로 90도 돌려서 안봤으면 좋겠습니다. 네이버라는 국내 대기업이라면 최소한 최신 기기에서는 호환성 체크는 했어야 했는데 오히려 S9(휴대폰), 플립3,4 는 호환 되나 최신 기기에서 더 영상을 많이 접할텐데 이런 배려는 없이 서비스중인건 기존에 트위치에서 넘어온 유저들도 있을텐데 전혀 시장조사도 없이 급하게 서비스 오픈한거 같습니다. 아무리 트위치가 서비스 종료로 인해 넘어오긴 하지만 최적화를 단시간 내에 해결하지 못하면 스트리머도 물론이고 시청자들도 다른 플렛폼으로 넘어갈거같습니다. 빠른 시일내에 조치 부탁드립니다.",1,153,2.0.0,2023-12-19 14:10:58,,,2.0.0
106,106,92e901f2-71b8-47ce-8af4-55cc30981c58,이준우,https://play-lh.googleusercontent.com/a-/ALV-UjUT_4yTAxXBXhu648n8StGTkiWoxv8DT5wMy8ve1d5rJtw,치지직 베타 괜찮네요. 특히 광고 스킵기능은 매우 좋긴한데 나중에라도 가능하다면 월 구독료를 지불하고 유튜브처럼 광고없이 시청가능한 네이버 치지직용 구독형 서비스가 있으면 좋을 것 같습니다. 그리고 메인 페이지에서 팔로우 채널 영상이 위로 올라오고 메뉴에서 팔로우채널 눌렀을때 어떤 채널이 어떤방송중인지 썸네일이 나왔으면 좋을 것 같고 시청중인 화면 아래로 내렸을때 사용하던 앱이 아니라 치지직 메인페이지나 팔로우채널 페이지가 나오면 좋겠지만 사용자마다 원하는 방향이 틀리니 앱설정으로 설정할 수 있도록 해주시면 좋을 것 같습니다. 트위치 대체 어느정도 가능할듯 싶은데요.,4,7,2.0.0,2023-12-19 05:13:54,,,2.0.0
107,107,c7b79f35-a6e8-4ec1-9d1f-28161a8c0c83,치드,https://play-lh.googleusercontent.com/a-/ALV-UjVkUj0j_tabxfvnADmQl2onho22syko7HU9gMiojyP6oA,화질 좋아서 좋네요 가로화면에서 뒤로가기 눌렀을때 다시 화면+채팅이 아닌 검색하기에 pip모드로 가서 한번더 눌러야 하는 불편함이 있습니다. 세로에서 가로모드 갔을때 갤럭시의 경우 뒤로가기 버튼과 설정 버튼이 겹치는게 있습니다. 해당 방송에 들어가기 전 설정버튼이 있었으면 좋겠습니다.예를들어 들어갔을때 로딩이 너무 길어 사전에 화질을 낮추고 로딩 시간을 줄이고 싶은데 그러지 못하여 로딩 시간이 너무 길어져서 불편합니다.,4,11,2.0.0,2023-12-29 12:28:52,,,2.0.0
108,108,32fa8846-37c3-46b9-b305-3e9f3dd36599,안우성,https://play-lh.googleusercontent.com/a-/ALV-UjUrD4-9ag9T-mS9Z6Er3iqofhchG1WUjXQ3ASEMx1DWNeY,"유튜브 커뮤니티 등에서 스트리머의 링크를 타고 웹페이지에서 팔로우 눌러 앱을 열었을 때, 스트리머의 채널이 바로 뜨지 않아 많은 불편을 느낍니다. 또, 검색창에서 해당 채널 이름을 검색해도 해당 스트리머가 나오지 않습니다. 검색 기능과 웹페이지로부터 앱 여는 과정을 개선해주세요.",2,5,2.0.3,2023-12-26 09:45:39,,,2.0.3
109,109,f2304294-800f-4db9-8e7d-296632727250,이지은,https://play-lh.googleusercontent.com/a/ACg8ocJ2Z1zA0ZsCRa93InlNIZv3tXnGrbhjI2YnrvJzMPFl=mo,다시보기도 지원되고 1080p도 지원되고 다 좋은데 모바일로 볼 때 다시보기 켜고 다른 앱도 쓸려고 하는데 보던 영상이 그냥 꺼져서 불편하네요 그리고 라이브시 팝업모드나 왼쪽 위 삼각 표시 누를 때 자꾸 화면 밝기 조정 되는 경우가 있어서 불편합니다,4,1,2.0.3,2023-12-29 01:19:24,,,2.0.3
110,110,cfa0f3f5-b7b4-4e49-9335-2f3a0ce0c94b,김김,https://play-lh.googleusercontent.com/a/ACg8ocJXoMLV3AB4YRIGpyJ8Pg-VdL_YMi8IeDnsad4lxQuc=mo,"되게 부드럽고 좋은데 폴드에서 멀티테스킹했을때 여러 버그가 있습니다. 커버회면에서 분할화면해서 최소화하면 애매한 레터박스가 생기고, 폴드 메인회면에서 분할화면하면 영상밑에 자연스럽게 채팅창이 나왔으면 하는데 그냥 긴 레터박스가 생기네요. 또 화면확대할때 유튜브처럼 레터박스 부분만 딱 채웠을때 맞아지는 꽉찬화면도 지원해주면 좋겠네요. 이제 막 나온 플랫펌치고 깔끔하고 애니메이션도 부드럽고 좋아요",3,26,2.0.0,2023-12-19 03:50:24,,,2.0.0
111,111,23b3f42e-f02d-45c0-9d44-4bc9ef55002f,August 1,https://play-lh.googleusercontent.com/a/ACg8ocJbD91A4mcKZ8eFdlXakBIes_twbCT-A7zeZK-ciPc7=mo,"ui편의성에 대한 고민이 없는 어플. 경쟁사 어플에 비하면 불편 그 자체. 정식 오픈 하면 제대로 된 어플이 나오길 바람. 관심 1도 없는 스트리머의 방송내용, 시청자 수가 메인 맨 위에 보이는게 젤 싫음. 정작 내가 필요로하는 팔로우 채널은 뭘 하는지도 모르겠고 방송 켜진거만 알 수 있는데, 난생 첨보는 방송에 대한 정보만 넘치니 관심은 커녕 반발심만 생김. 추천 채널 위치에 팔로우 채널이 가야하는게 당연한 거 아닌가..",1,12,2.2.0,2024-02-03 03:59:48,,,2.2.0
112,112,a8c58691-bc86-467c-b47e-a22480d2916e,조영탁,https://play-lh.googleusercontent.com/a/ACg8ocJul4QnyvIwamDGd5ITT6JMz7o9inz8xtvN-qTbC0ac=mo,방송화면을 내렸을때 pip형태로 재생되지 않고 종료되는 점과 미사용 중일때 백그라운드에서 계속 돌아가는지 네트워크 관련 토스트가 지속적으로 올때가 있습니다. 두 문제점 개선 바랍니다,3,1,2.2.0,2024-02-05 02:15:27,,,2.2.0
113,113,435a6ba7-2dcc-4e0a-b5ae-fd6d66592c7d,applehiya,https://play-lh.googleusercontent.com/a-/ALV-UjVEUuB-mw1CKIuogesVjjYGhdhl3aSLa2wmlKcL7L3y8hI,태블릿에 블루투스 키보드 연결해서 보다가 블루투스가 절전모드로 전환되며 페어링이 끊어지면 화면 모드도 바뀌어 버리네요. 그리고 블루투스 키보드로 엔터 치면 채팅이 쳐지는게 아니라 줄바꿈이 됩니다..,4,0,2.0.1,2023-12-21 13:00:53,,,2.0.1
114,114,de93da6e-56eb-4ab4-a7e6-e69325b9acf4,사람,https://play-lh.googleusercontent.com/a-/ALV-UjWODkaBsru9OyVuT8-fe-o7tbCVl15bRPD3EgytEuUytA,우선 모바일에서 가장 고쳐야할 점은 방송 시청시 전체화면에서 시간과 배터리량은 표시하는 상태바가 한번 생기면 전체화면을 껏다가 다시 켜야 하는 상황이며 이것이 아주 큰 불편함을 야기시킵니다.,2,3,2.0.1,2023-12-20 12:20:34,,,2.0.1
115,115,60d498a1-e9ed-47d9-902f-9d5cb51a8103,김윤수,https://play-lh.googleusercontent.com/a/ACg8ocK2VPXA2oaUSHu6HQlmtyph9i-VCnDjzt1O_wpQOU80=mo,"아직 테스트중이긴 한데 고쳤으면 하는점 1. 팔로우한 영상이 추천영상보다 하단에 뜨는 점 2. 라이브 중일땐 일시중지 기능 없애고 화면 좌,우 스토로크하여 밝기조절,볼륨조절좀 제밯 없앴으면 좋겠습니다",3,0,2.0.1,2023-12-20 11:28:35,,,2.0.1
116,116,4509c6c2-67a9-4e19-9ff2-287bcec74816,ap ple,https://play-lh.googleusercontent.com/a-/ALV-UjV00WHzNThAFRyL6XtopJzmSy1oEw0Ka9ocSwm0swsY0g,"아직 테스트이니 고칠점이 많아보이지만 전반적으로 깔끔함은 좋네요. 고쳐주셨으면 하는 기능은 방송채널 둘러보는곳에서는 가로모드가 안 되는것과 핸드폰을 옆으로 기울인상태(가로모드)에서 방송을 들어가면 무한로딩상태에서 방송이 안 나와요.(실험결과 휴대폰 화면 자동회전을 켜놓은 상태에서 가로모드(옆으로 기울인상태)로 방송 입장시 방송화면이 바로 가로모드가 될때 무한 로딩이 됨, 세로모드일때는 핸드폰을 기울여도 방송입장이 됨). 무한 로딩시 다시 핸드폰을 세워야 방송이 재생되네요.",3,31,2.0.0,2023-12-19 11:00:03,,,2.0.0
117,117,aaa63909-77dd-420a-8b82-e633d5ab19d5,캬낭,https://play-lh.googleusercontent.com/a-/ALV-UjW0qvXNM0Dvo2Sx7ArfaTmG00jj48owkesOjRF35ETGf18,태불릿을 위한 가로화면 지원 없음 팔로잉이 우선되지 않고 무조건 추천 채널이 먼저 나오는 불편함 채팅 가시성은 최악 태블릿에서 사용 시 스트리밍 접근이 불가능하고 무한 로딩 플레이어는 터치 잠금도 없고 무조건 왼쪽은 밝기조절 고정 오른쪽은 음량조절 고정이라 원하지 않는 밝기랑 음량 조절이 계속됨. 플레이어 설정도 화질밖에 없고 기타 다른 설정도 부실하기 그지 없음. 베타+예정보다 빠른 출시 때문인건 알지만 구멍이 넘 많음..,2,49,2.0.0,2023-12-20 06:05:31,,,2.0.0
118,118,550e46fa-fc50-4ad2-a8d3-080ee46d5e45,Shrink sky,https://play-lh.googleusercontent.com/a-/ALV-UjV-2zP26U-FvwMnv6q_5rYzADjuTH9sEsz7ogHmM-FswdE,다 좋은데 전체화면 때 네비게이션 바 안 없어짐. 전체화면 때 위에 상태바 안 없어짐. 인앱인데도 작은화면 모드일때에 PIP가 돼서 화면 한 번 누르면 커지지 않음. 이건 트위치가 좋음. 불편함. 채팅 엔터치면 전송이 아니라 줄바꿈이 되어서 매우 불편함. 팔로우한 채널 상단노출 아니라서 불편함. 왜그런진 모르겠는데 버퍼링걸릴 때 있음. (추가)폰 바꾸니까 해결되는 것 많음.,4,9,2.0.0,2023-12-19 07:18:36,,,2.0.0
119,119,b7a00582-5ec1-4b6b-8cac-4fa4d99bd675,hanson,https://play-lh.googleusercontent.com/a-/ALV-UjUn-CitLrzxFjYNDKWzYgTdG-CcIClE725R6JT4Wasucg,"한가지 앱 내에 치지직, e스포츠, 라운지, 오리지널을 모조리 집어 넣으려고 한 탓에 Ui가 불편하고 지저분해짐. 치지직만 하더라도 추천 영상을 한참 내려야 팔로잉 채널과 그 영상을 찾을 수 있다는게 매우 불편. 치지직 내 카테고리를 상하의 배치로 분리하는게 아닌, 오리지널탭처럼 좌우로 화면을 넘겨 카테고리 전환을 할 수 있으면 접근성이 좋아질것. 라운지는 홈탭을 버리거나 한측으로 숨기고, 게시판 위주로 운영하면서 영상탭은 라이브, 공식, 그외로 세부 분류할 필요성이 있어 보임. 너무 많은걸 연관지어 이어내려고 하기보다, 앱을 좀 분리하여 한가지 기능의 접근 편의성에 좀 더 집중했으면 좋겠음",3,7,2.0.0,2023-12-20 11:36:16,,,2.0.0
120,120,f779e104-7b7b-4b4d-a789-69a0c48990a4,RTD KI,https://play-lh.googleusercontent.com/a-/ALV-UjV6Axws0SAjGldXJFmoalXi25iNCqrWlfVhnyvXBfmT_Q,1.개틀딱 같음 2.차라리 트위치 복붙하는게 나을듯 3.카페 바로 볼 수 있음 좋을듯 대기업 빨아먹고 싶음 더 일해야할듯4.채팅 명확하게 볼 수 있게. 5.첫화면에서 바로 팔로우 목록 바로 볼 수 있게 하는 거 중요 6.화면밝기와 소리 조절은 간단한 아이콘으로 나타내고 7.유용한 기능은 튜토리얼 같은 걸로 알려줬으면 함.,1,32,2.0.0,2023-12-19 09:31:47,,,2.0.0
121,121,82be2146-6505-4430-871c-952d253dbb8d,문준혁,https://play-lh.googleusercontent.com/a/ACg8ocKQ69Ej2H0x6I8dWUA8PBJHSFztVq_QuebW4tYpiveKFQ=mo,"일단 다 좋은데, 라이트모드 안되는게 참 아쉽고 화면 왼쪽/오른쪽 스크롤할때 밝기/소리 조절되는게 너무 불편해요! 스크롤하면 그냥 가운데 스크롤한 것처럼 PIP로 내려가고 목록을 띄워줬으면 좋겠어요. 애초에 앱 안에서 목록을 보는건데 시스템 PIP로 내려가는것도 조금 불편해요. 유튜브, 트위치, 아프리카처럼 앱 자체 PIP로 내려줬으면 좋겠어요.",3,3,2.0.0,2023-12-19 09:36:01,,,2.0.0
122,122,907cdd1c-3f16-47e0-beb2-b2d7771594bd,후회없이살고싶은 사람,https://play-lh.googleusercontent.com/a/ACg8ocKR8N_vdTALnkvj4C9LNYwIfX2t4YQ2jWvek15Eco6JQA=mo,"대체 앱이랑 기기 자체의 밝기랑 사운드를 분리는 왜 해놓은 겁니까? 심지어 세로화면에서 살짝만 가장자리로 터치하면 밝기 건들고, 사운드 건들고. 치지직 보다가 음악 들으면 사운드도 달라서 귀 아프고. 유튜브 틀면 하나도 안 들리고. 심지어 PIP 아닌 상태에서는 볼륨버튼으로 기기 볼륨 조절은 되게 해놨으면서 왜 기기 밝기 조절은 안되는데요? 왜 앱에서 고정시켜 놓는데요? 심지어 밝기 관련 권한을 해제 할 수도 없고. 왜 지멋대로 일원화도 안 해놓은건데요? 무슨 치지직 하나 보려고 휴대폰 전체가 맞춰줘야 됩니까? 앱이 휴대폰의 전체 설정을 따라가는게 맞는거 아닙니까? 뭔 Ui를 이렇게 해놓나요? 이거 굉장히 불편합니다.",1,49,2.0.0,2023-12-19 04:29:34,,,2.0.0
123,123,9dc23954-6c40-4653-9ebf-6033c85f3b98,용상원,https://play-lh.googleusercontent.com/a/ACg8ocIn5-bdvnS-zdyEAYKmVqHaIe3nHh0S1-Jx7zf-uSRE=mo,개인적으로 소리 조절 기능은 불필요한것같습니다. 작은창으로 내려놓고 다른방송 보러갈때 작은창으로 내려가는게 아니라 소리가 내려가는게 은근히 불편합니다. 물론 왼손으로 아래로 드래그하면 되지만 대다수의 오른손 잡이들은 습관적으로 오른쪽 화면을 아래로 드래그할겁니다. 굳이 불편하고 의미없는 기능을 추가하는것도 좋은것 같지 않네요 트위치랑와 아프리카 반대되게 검은색 바탕에 흰색 방송인 이름을 두신것도 은근히 불편합니다. 괜히 아프리카나 트위치에서 흰색 바탕에 검은색 방송인 이름을 둔게 아닐겁니다. 좋은점은 따라하는것도 좋을것같네요. 아니면 좀 특별하게 하실려면 검은색 바탕에 초록색 방송인 이름을 해보시는건 어떤가요? 여러가지 컨텐츠를 검색하며 찾아본다? 선택할 요소가 많아진다? 하나도 의미없습니다. 인터넷방송은 새로운 인물을 볼려는게 아니예요. 그냥 팔로우한 이미 고정된 10명 미만의 방송인만을 볼뿐입니다. 시각적으로 순간 들어오는 방송인의 닉네임이 정말 중요합니다. 화이팅해요,5,5,2.0.0,2023-12-19 17:55:39,,,2.0.0
124,124,c835d467-0e8f-49d3-b50d-888a5ddb548e,Luke,https://play-lh.googleusercontent.com/a-/ALV-UjXhb5JoqfitVPSYyAqF67NFcbyZX0ok0XMPBqMhpr55ajM,"1. 메인화면 팔로우 목록 위치가 너무 구립니다. 상단으로 올렸으면 좋겠습니다. 2. 라이브방송이 시청자 수 순서로 정렬 가능 했으면 좋겠습니다. 3.하단 탭의 치지직라이브 외에 e스포츠, 라운지, 오리지널 탭을 선택적으로 숨겼으면 좋겠습니다. 인터넷방송만 보고 싶은데 카카오톡마냥 이용하고 싶지 않은 기능까지 꾸역꾸역 눌러담아져 있는 느낌입니다.",2,8,2.0.0,2023-12-22 03:58:33,,,2.0.0
125,125,3bfc078a-87bb-4b20-990f-94a17b105c99,AIGO AIGO (무아지경),https://play-lh.googleusercontent.com/a-/ALV-UjWy-chhXjdPm_HF-dQB25kTgBbP_j34e63mmMqCcyUQUw,"자 일단 어그로 끌려고 별 5개 드렸고 트위치랑 비교해서 불편한점 말씀드리면.우선 트위치대비 송출이 1,2초 느리고요 버퍼링이 조금 있네요 다만 이는 계속 운영해 나가며 나아질수있다 생각합니다..근데 정말 별거아니지만 음량 조절시 수치가 나오지 않는건 생각보다 많이 불편하더군요 퍼센트 단위로 음량 단계를 수치로 확인 가능하게끔 수정해주셨으면 합니다 마지막으로 방송 시청하면서 멀티태스킹 중에 채팅이 밀려 미친듯이 내려가는 증상도 꼭 해결해주셨으면 하네요 트위치는 여러 방송을 동시에 시청할때 이런 현상이 없었으니까요 그리고 팔로워 목록에서 현 시청자수도 확인가능할수있으면 좋겠고요",5,3,2.0.0,2023-12-19 15:45:58,,,2.0.0
126,126,be95e286-5858-4998-85e5-9e1b88dcf901,김기일 (DrLemon),https://play-lh.googleusercontent.com/a-/ALV-UjUy8tx8TL_HbJ8w3mnzV4zL0Wjo7d5WPtUAZ7ZNOEAF6bE,(안드) 1. 작은 화면 상태에서 화면을 없애려면 창을 드레그해서 화면 하단의 삭제 바에 가져다 넣어야 하는데 이를 트위치의 왼쪽으로 창 넘기기 제스쳐를 하면 화면이 없어지는 방식으로 개선해주세요. (공통) 1. 거의 대부분의 채팅이 경매시장의 호가처럼 너무 빠르게 올라가고 있습니다. 채팅 뜨는 기본적인 속도를 너프해주세요.,4,1,2.0.0,2023-12-19 03:52:04,,,2.0.0
127,127,c7d9cc60-4c69-470c-8a15-c3009cb9c6a9,je Um,https://play-lh.googleusercontent.com/a-/ALV-UjX-sjON2Jw1fDXOSVEWrRcRTon3W8_tC2rVFIfCvaruLtU,라운지는 모르겠고 방송만 보려고 설치한 입장으로는 불편한점이 생각보다 많음 앱에 여러 카테고리가 없어서 원하는거 보려면 검색해야함 앱 뒤적거리는 걸로는 힘듬 앱에서 방송보다 아래스크롤로 팝업 만드는데 화면밝기나 소리줄어 들어서 불편함 꼭 둘중하나는 내려감 팝업버튼이 있긴한데 눈에 안들어옴 화질은 좋은데 프레임이 낮아서 눈아픔 모바일 전체화면으로 볼때 채팅창 크기가 너무큼 우측공간을 너무 많이잡아먹음 방송이 더 잘보이고 채팅창은 조금 작게했면 좋겠음 베타라 그렇겠지만 빠르게 여러가지 개선이 필요할듯,3,9,2.0.0,2023-12-19 08:03:45,,,2.0.0
128,128,90f1e8d3-039a-419d-a314-0cc8e41cd988,매운소다,https://play-lh.googleusercontent.com/a-/ALV-UjVS9gZ54KQ1tJ7TkJcRAP6Yyr8O8ZYdBsOPr0Y_Piwv284,"인터넷 방송을 위한거면, 트위치 앱처럼 하는게 맞지 않나? 굳이 뉴스 라운지 오리지널 뭐 이런 이상한걸 넣어놔서 불편한 것도 그거지만, pip모드가 없으면 뒤로가기 버튼을 누르면 바로 방송이 꺼져버린 다던가 소리 화면밝기를 슬라이드로 조절되는데 이걸 안되게 하는 방법은 없는지. 새로운 불편함이 잔뜩",1,24,2.0.0,2023-12-19 04:09:29,,,2.0.0
129,129,4d7ce478-1b07-4f07-aa64-db1208ef6ba8,소우주,https://play-lh.googleusercontent.com/a-/ALV-UjVORSxddJs3ncKtMzJRxeyJGAcgXttJQ_TMN2VFZkuiNzA,다른건 다 좋은데 UI 개선이 시급하다고 생각합니다. 예를 들어 화면 오른쪽에 볼륨조절을 넣어났는데 화면 줄일려고 내릴 때마다 소리가 꺼집니다. 이런건 아예 필요없는 기능이라고 생각합니다. 정식 출시에는 좋은 모습 기대하겠습니다.,4,2,2.0.0,2023-12-19 05:02:25,,,2.0.0
130,130,210aeafb-01ee-4391-8f08-c536bb206f7e,붕어빵,https://play-lh.googleusercontent.com/a/ACg8ocJOoU4eggdB7RLDuHK_XXMT1sKpXwZPj3AsY9ujBUtAMg=mo,방송을 볼 때 ui는 깔끔해서 좋습니다. 다만 앱에 접속했을 때 추천 생방송 말고 팔로우중인 생방송부터 나열되어있으면 좋겠습니다. 아니면 따로 팔로우 채널 탭을 만들어놓아주시길 바랍니다. 팔로우 중인 생방송을 보려면 추천 생방송을 내려서 팔로우 목록에서 골라야 하는데 팔로우 목록도 추천 생방송의 비중에 비하면 너무 작고 매번 스크롤을 내려야 하는 점이 번거롭네요. 그래도 아직 베타테스트인 만큼 기대한 것 보다는 좋고 화질도 선명한 점은 만족스럽습니다.,4,2,2.0.0,2023-12-19 08:39:56,,,2.0.0
131,131,938c71d5-d95d-416b-9df6-2d6e72647fe3,Kami Jo,https://play-lh.googleusercontent.com/a/ACg8ocIFBVwYQ9bFU1BeF10fNsAoagnz3Z9gOqLEK4MR7G4y=mo,"가로모드 만들면 좋겠네요. 이전 네이버티비도 나우도 바뀌면서 무조건 세로모드 강제에, 화면 회전버튼 눌러야 전체화면으로 바꼈는데, 치지직도 그걸 그대로하고 있네요. 네이버만 유독 이걸 고집하는지 모르겠습니다.",4,16,2.0.0,2023-12-19 11:50:37,,,2.0.0
132,132,9b833841-9318-4bfb-984b-3c406ff29184,히세,https://play-lh.googleusercontent.com/a-/ALV-UjUbjdrABLsqXW9ANe5lBsA-iA_OE-kIHdK5nGhcMIAF5Aw,아직 베타인데 너무 부정적이기만하네요.. 하나씩 바꾸겠죠.. 우선 시청환경은 트위치랑 비슷해서 그점은 나쁘지않네요 트위치도 서비스하면서 개선해나갔으니 치지직도 좋은 방향으로 이런저런 의견 모아서 좋은방향으로 개선하면 좋겠네욤. 근데 라운지 시스템이랑은 분리하던가 없앴으면 좋겠어요 딱 생방만볼수있게 좀 쓸데 없는거같긴해요. Ui가 좀 불편하긴합니다만 트위치도 초반에 그랬는데 익숙해저서.. 이것도 어느정도는 시간이 해결해주겠죰 아.. 그리고 지금 베타라 그런건지 방송 알림이 안뜨던데.. 버그인지 아닌진 모르겠네요. 또.. 팔로우를 했는데 추천채널이 위에있는게 너무불편하네요 팔로우한 사람들을 위로 올려줘야할거같아요. 그 사람꺼 즐겨찾기 같은걸 한건데 맨아래까지내리는게 좀 이상.,3,1,2.0.0,2023-12-19 12:36:12,,,2.0.0
133,133,023674ee-65ec-40bb-82e9-f9e1f73dd349,치카치카,https://play-lh.googleusercontent.com/a-/ALV-UjXifQzl5598a5LPL3zs-lrTwk2EDhmaYDcCvTqgzDHlJ9pV,"모바일 환경에서 라운지 글쓰기가 안됩니다. 폰 화면 우측 하단의 플로팅 버튼이나, 상단 설정탭의 '글쓰기' 버튼을 눌러도 반응이 없어요. 그리고 팔로우한 라이브 방송을 최상단에 띄워주면 좋을거같음.",3,0,2.0.0,2023-12-19 03:56:28,,,2.0.0
134,134,e3c3e957-99db-4a31-ae07-e696edcab0ed,이상재,https://play-lh.googleusercontent.com/a-/ALV-UjXce-zueQEB18cPLuP8ShYU2pM5fyT0o3FMytNRIc9bQyUX,모바일로 pip 모드로 보다가 채팅치고 싶어서 들어가면 버그가 걸림. 채팅창 사라지고 화면이 사라지지않음. 뒤로가기 버튼이나 홈버튼도 안됨. 위 스크롤내려서 사운드 정지버튼후 멈추고 지워야 지워짐. 다 지우고 다시 들어가도 버그가 한번걸리면 쭉 이어짐. 그 버그후에 pip 해도 화면이 잘림. 버그걸리기전에는 pip창모드 크기에따라 조정이되었는데 버그걸리고 pip모드하면 화면이 잘림,1,2,,2024-03-05 09:31:07,,,
135,135,ee5c9bef-bd94-4c0c-99ad-814e8d0998c3,청아,https://play-lh.googleusercontent.com/a/ACg8ocLcapiFXYBdSJ0x-mBpW7iD3Ll07wi-3xiSZfYfP5SC=mo,"방송 알림이 가끔 안와요. 와이파이 문제는 아닌것 같은데 버퍼링이 심해요. 방송 시작할때(심함), 방송 중간(가끔), 방송 끝날때 (제일 심함) 특히 심해요. 또 핸드폰이나 컴퓨터, 다른 기기로 비교하며 방송 볼때 방송 딜레이가 심하게 차이나요. 관심 없는 광고 방송이 많고요. 이게 단점이고 장점은 화질이 좋아요. 또 화면이 꺼졌을때 소리가 나오는 것도 좋아요. 근데 단점에 비해 장점이 너무 없어요. 단점중에 버퍼링, 방송 딜레이만이라도 고쳐졌으면 좋겠어요.",2,4,,2024-02-25 09:25:49,,,
136,136,d1a1a18c-7929-466c-aa26-b26d5862b5e9,이월,https://play-lh.googleusercontent.com/a-/ALV-UjXWrYcU86awUSM3kJahAdqHItMOLAO6SDHstnQ2h-_1Si8,개인적으로 깔끔하고 트위치 시청자를 타켓층으로 해서 그런지 트위치 느낌이 강함. 그래서 트위치 시청자였던 나로선 좋은 편. 시청하며 불편한 점 1. 추천채널이 너무 화면을 많이 차지함. 관심없는데도 자꾸 내 화면에 60%는 차지 중. 관심도 없고 별로 보고 싶지도 않은데 오히려 내가 팔로우한 스트리어들이 잘 안 보이고 추천채널이 너무 강조되서 보임. 내 스트리머들이 강조되서 보여야하는데 너무 작게 강조되어보임. 2. 버퍼링이 자주 발생함. 보는데 자꾸 버퍼링 걸리니까 슬슬 짜증이 나기 시작함. 3. 치지직 자체가 게임 스트리머 위주이긴 한데 좀 더 다양한 스트리머 방송들도 유입해주면 좋겠음.,4,0,,2024-02-18 17:29:22,,,
137,137,6f86ba7a-6e7a-46d2-bcd1-f2b628fa3f95,재필,https://play-lh.googleusercontent.com/a-/ALV-UjUIaJdZ-J4HwES2wvy3zpmHrQ6XeCrX1JnZtnEDOQsN2jU,"사용중 발견한 버그및 개선사항입니다. 1) 스트리머 본인의 이모티콘을 다른방에서 사용불가능합니다. 본인이 본인 구독을 할수도없고 목록과 최근사용 이모티콘에서 다 나오지않습니다. 2) 채팅규칙 버그, 처음들어가는 방송의 채팅규칙이 한번 어플을 최소화한후 다시 들어가야 표시됩니다. 3) 모바일 구독기능 버그, 어플에서 구독버튼이 작동 되지않는 경우가 많습니다. 조속한 해결기다리겠습니다. 감사합니다.",1,4,2.3.1,2024-03-01 12:37:58,,,2.3.1
138,138,0777e7ef-1458-4e0a-b99e-8532837dea2d,wjs,https://play-lh.googleusercontent.com/a/ACg8ocIv1mnKk7U9QoH529ybs92vep5I67gvICQtTVv__uXttQ=mo,다 좋은데 다시보기 영상 크롬캐스트 화질이 제일 낮게 고정되고 화질 변경 적용이 안됩니다. 근데 또 라이브 방송은 고화질 적용이 곧잘 됩니다. 결국 이전 버전 앱들 여러개 깔아보다가 2.1.1 버전만 버그가 없더군요. 업데이트 부탁드립니다.. 그리고 크롬캐스트 도중 앱을 나가면 pip 모드가 강제되는것도 고쳐지면 좋을 것 같아요.,4,0,2.1.1,2024-02-15 01:51:05,,,2.1.1
139,139,73e3a5cc-5734-465f-aaf5-101cf4b0277c,최민수,https://play-lh.googleusercontent.com/a/ACg8ocJM-KdAuGjIlWfcwOUPoMHnVAza6qzNVo4Uc3MmEcCJ=mo,1.뒤로가기를 눌러 나갈 경우 앱이 종료되지 않고 무조건 작은 창으로 전환되는 것이 불편합니다. 2.방송 설정의 최소 화질이 360보다 더 낮은 화질도 지원하면 좋겠습니다. 3.인앱 구독이 아직 없군요,4,0,2.3.1,2024-03-13 09:31:31,,,2.3.1
140,140,ca448822-10a3-4134-af5c-b17b290c7d6d,ʕ•ᴥ•ʔ,https://play-lh.googleusercontent.com/a-/ALV-UjWyalELs9DnR-RVNoF9c0reUM6l1mjhf95S7S30dfnByFk,한달넘게 치지직을 이용해본 소감을 한마디로 말하자면 tmi 입니다. 궁금하지도 않은 정보가 너무 많아요. 들어가면 보이는 추천 방송 때문에 정작 내가 보는 방송은 눈에 들어오지도 않습니다. 심지어 치지직은 다른 음지 성향을 가지는 플랫폼과 다르게 양지에서 운영하잖아요? 그런데 추천 영상에 가슴을 까고 나오는 여캠이 대문짝 만하게 떠서 정말 놀란 경우도 한두번이 아닙니다. 이런거 관리 안 하나요? 성인등급도 아니던데 정말 보기 불쾌합니다. 분명 예전에 제재 빡세게 한다고 한 것 같은데 이런식으로 가면 다른 플랫폼과 다를 바가 없지 않을까요? 좀 더 신경을 써서 관리해야 인터넷 방송 안 보던 사람들도 유입이 된다고 생각합니다. 이것과 별개로 점점 나아져가는 편의성은 좋아요. 하지만 앞서 말한것과 같이 추천 영상 등 내가 별로 알고싶지 않은 정보는 좀 줄여주시고 컨텐츠 제재좀 잘 했으면 좋겠습니다.,2,2,2.3.1,2024-03-01 20:39:19,,,2.3.1
141,141,4675ac74-7bb1-4678-bc0e-deca5a30df27,Ancient history,https://play-lh.googleusercontent.com/a-/ALV-UjXVDFVAB5DWPu1JHMQ9Hb9Ku63sbC0UqDJwsgWkTfc6Yg,"최적화가 너무 안좋네요. 오디오만 틀면 상관없는데 영상이랑 같이보면 버퍼링이 심하고, 그런데도 데이터는 많이 먹고요. 최적화가 너무 구려서 1점 줍니다.",1,3,2.3.0,2024-02-28 14:44:47,,,2.3.0
142,142,d0ecb68e-7511-41df-bb34-0ec9faf657f1,김보민,https://play-lh.googleusercontent.com/a-/ALV-UjWUfVbVTVBP3hIgULH_KcJgrylvXEgOTz2sP3X-Wv5qlg,"이 앱을 사용하고 있는 한 유저입니다. 별점을 4개로 입력한 이유는 라이브 시청 중 버퍼링 입니다. 너무 자주 끊기고, 또 버퍼링 시간이 너무 깁니다. 나갔다 들어와도 버퍼링이 지속됩니다. 이것만 고치면 아주 좋은 앱이 될 것 같습니다.",4,0,2.3.1,2024-03-01 13:35:11,,,2.3.1
143,143,af6f714a-956f-433b-ba7b-bd6d8be75bef,ᄒᄒ너두,https://play-lh.googleusercontent.com/a-/ALV-UjVHkpgNTvzEq2JHhqVgG1slKVxyDzmGlu-dfH-kvMny4nA,"트위치처럼 뷰포인트 쌓이게 하는 시스템, 투표시스템, 뷰포인트 배팅시스템 등등 다 필요하다고 생각합니다. 전체적으론 불 필요하겠지만 스트리머쪽에서 트수랑 소통할 때 직접적으로 많이 쓰인 시스템, 그리고 미션 시스템등등 손 볼 곳이 조금 더 있긴 해요. 완벽함을 바라기보다 개선을 바라니 늦어서 소 잃어도 외양간 고쳤으면 합니다. 배팅시스템도 솔직히 도박같아서 별로 하지도 않았었는데 하는 사람들 잃고 드립들 오가는거 보면 진짜 웃기고 하나의 컨텐츠라고 생각함. 그걸 보고 도박할 사람은 사기치는 영화보고 사기쳐 볼 사람이라 생각함",4,0,2.3.1,2024-03-11 10:55:07,,,2.3.1
144,144,ab9413f4-1063-486c-abbc-3724e03c7d1b,박성익,https://play-lh.googleusercontent.com/a/ACg8ocKtXO3UJYFn1an817r5PZQuSClNROjNpC95tsW5ooj-=mo,"태블릿으로 이용 중입니다. 트위치 이후 방송 시청을 위해 이용하게 되었는데 태블릿 환경하에서 화면을 가로로 볼 수 없는 점, 방송을 들어가기 위해 라이브 방송을 눌렀을 때 모바일, pc 와는 다르게 무한 로딩이 걸리는 등의 문제가 발생했습니다. 베타 테스트 중이지만 이러한 점 은 최대한 빨리 수정해주시면 감사하겠습니다.",3,6,2.0.0,2023-12-19 08:49:12,,,2.0.0
145,145,c27c6190-83f8-4fe7-a8ec-551c83fcab2a,Hee Hee,https://play-lh.googleusercontent.com/a/ACg8ocLU3IEIaWHQhNRf1bClQSYjx9Tx4mc-lJN0NbFFoErS=mo,"오늘 26일 업데이트이후 몇몇방송에서 채팅과 후원을 클릭하면 검은화면만 떠서 채팅과 후원을 할수없고 또 해상도,화면비율,클린봇 수정화면도 마찬가지로 검은화면으로떠서 변경이 불가능합니다.",3,1,2.3.0,2024-02-26 08:32:28,,,2.3.0
146,146,4d5515c2-e763-435d-91a3-3b2748798933,신선진 (신선진),https://play-lh.googleusercontent.com/a/ACg8ocIZSoF7t92GFAX66GbWGxW4hGTpapGee4OR0r71MX6UOQ=mo,LG 듀얼스크린 화면으로 방송을 보고 메인스크린에서 게임을 하는 편입니다. 그런데 듀얼스크린 화면에서 방송 화면을 나가면 메인스크린에 켜져있는 앱도 같이 꺼집니다. 설정에서 PIP모드를 OFF로 해도 마찬가지입니다. 이로 인해 이 앱을 사용하기가 너무 불편합니다.,1,2,2.3.1,2024-03-02 08:26:41,,,2.3.1
147,147,0672e380-2cb5-4792-b2a7-1c2e22506810,최미서,https://play-lh.googleusercontent.com/a/ACg8ocKz0txgAW7xXUa2ynweiso0apYPm8iBrHUSSQc54tf9Ng=mo,아이폰이랑 갤탭 쓰는데 갤탭 버퍼링 너무 심한데요. 둘 다 앱 상태인데 1080으로 하면 아이폰 15프맥은 버퍼링 없는데 갤탭 s7인데 진짜 1080하는 순간부터 계속 걸림...1080아니여도 720이여도 버퍼링 장난아니게 걸림. 그냥 영상 못 볼 수준인데 제발..빨리 개선 좀 해주세요,1,3,2.2.3,2024-02-20 11:42:19,,,2.2.3
148,148,5ba1abb9-1b24-4435-a165-5aa2edaaa8d6,LeaH (LeaH),https://play-lh.googleusercontent.com/a-/ALV-UjWsaavDAcz3dnmYwne_EUU9ebdrW2LCclDhgKij90huBuY,저는 안드로이드 개발자 설정에서 애니메이션 배율을 모두 끄고 사용하는데 치지직에선 이것들을 끄면 일부 팝업들이 작동하지 않고 진행이 되지 않습니다...뒤로가기 키나 다른앱 전환했다 돌아와야 뜨게 되는데 고쳐 주세요...,4,0,2.3.0,2024-02-29 09:13:43,,,2.3.0
149,149,fc082d01-2229-43b4-95de-5e66bec9d69e,별빛이빛난다,https://play-lh.googleusercontent.com/a-/ALV-UjVBZsmeIwickVK6IcaDLPqPazNdyQ8DRNOLjBdplBLQHI0,방송시간이 몇분인지 나오는거 만들어주시면 좋겠습니다.그리고 검섹기능이 편해지면 좋겠고 팔로우채널이 안들어가도 밖에서 뭐하나 볼수있으면 좋겠어요. 너무 부족함에 안타깝습니다. 그냥 트위치나 아프리카 똑같이 따라하면되는대 왜 이렇게 만들었는지 모르겠습니다. 이렇게할거면 다 아프리카가게 처음부터 만들지도 말지 원망스럽습니다.,4,9,2.3.1,2024-03-04 01:22:16,,,2.3.1
150,150,824a069d-65c1-4cf9-b933-289ef53c86f8,Hyeonu Kim,https://play-lh.googleusercontent.com/a-/ALV-UjVaqjOdifBkXd9c3GjabR9ZKN02xRolHvDd77oUekX2Qw,안드로이드에서 전체 화면일 때 상태바 영역이 레터박스로 남는 부분이 너무 신경쓰입니다. 완전한 전체 화면으로 볼 수 있게 업데이트 해주세요.,4,0,2.3.0,2024-02-29 13:25:04,,,2.3.0
151,151,89179b17-81a7-4a2b-a575-60ecfa048007,안태준,https://play-lh.googleusercontent.com/a-/ALV-UjUSkbmxvL1gf9K1PgLQSLbsH8Nlg01hnXdnzXBsbR2s0Q,"1. '안드로이드 앱으로 볼때,' 정확히 안드로이드 폰 앱으로 볼 때 미친듯이 끊김. 2. 라이브 보는 중에, 채널 커뮤니티로 이동하려고 '방송화면 아래, 채팅창 위에, 방제 옆' 스트리머 아이콘 누르면 pip에 치지직 ui가 떠서 컨트롤이 불가능해지는 버그 있음(기종차이 있을 수 있음) 대체 무슨 의도 때문에, 시청 습관과 전혀 상관없이 랜덤 추천을 최상단에 노출시키고 그 다음 실시간 치지직 전체 시청자수 순으로 노출을 시키는 것이며, 사용자가 팔로우한 스트리머들의 실시간 방송 현황을 최대한 '가려놓은 건지' 전혀 이해가 안됨... 제발 팔로우 스트리머들의 라이브 스트림, 현재 송출되는 장면 썸네일, 방제목, 게임카테고리를 최상단에, 내가 많이 본 스트리머 순으로 나열해주셈. 전세계인들이 보는 브이앱도 문제없이 서비스하던 네이버인데 대체 왜 이라는지...",1,6,2.3.1,2024-03-06 14:28:03,,,2.3.1
152,152,8af50063-7552-4bab-a853-78aaa179821a,s o,https://play-lh.googleusercontent.com/a-/ALV-UjXLUVq9o1qXB72UpnqwDoBKtBwexCKJIxTgR4oord-msRY,이번 업데이트 후에 패드 버퍼링이 너무너무 심해졌고 인터넷 때문인가 싶어서 화질 조정하려고 해도 눌리지도 않아요... 그리고 팔로우 미리보기 보려면 전체보기 눌러야 하는데 딸깍 안하고 보고싶어요 제발....그리고 화이트모드도 빠른 시일 내에 됐음 좋겠네요ㅠ,2,7,2.3.0,2024-02-28 11:54:32,,,2.3.0
153,153,45d82f2d-0c64-4c76-a9d1-7239158de2ef,김땡땡,https://play-lh.googleusercontent.com/a/ACg8ocKzhbHUliWcjoAu2mPVuXB0Yv7Iaa_trUWIi6xk3Wjc=mo,1.팝업 화면에서 가끔씩 안꺼집니다. 2.실행중인 어플을 전부 꺼도 소리가 나올때가 있습니다. 3. 2번 상황 발생하면 폰이 먹통이될 경우가 발생합니다.,1,2,2.3.1,2024-03-11 10:15:20,,,2.3.1
154,154,1125aa65-cac9-4d6a-9b41-e2487a813309,김수한무,https://play-lh.googleusercontent.com/a/ACg8ocLRGfdTc4m4yLV-E5Z6P8DB3E52yGf_jq_TDFuCnqWh=mo,"진짜 버퍼링때문에 화딱지가 나서 못 보겠어요 화질이 1080 지원하면 뭐하나요 720으로 타협해도 버퍼링 걸리고, 480으로 타협해도 버퍼링 걸리고, 이럴꺼면 그냥 애초에 라디오 모드로만 들으라고 하지 그러세요 계속 보다간 애꿎은 태블릿만 부실꺼같으니까 유튜브나 아프리카나 보러 가겠습니다",1,0,2.3.1,2024-03-03 11:36:26,,,2.3.1
155,155,5756e6aa-3b07-422c-875f-0a8ad937d727,이동규,https://play-lh.googleusercontent.com/a-/ALV-UjUL4nfGJPJAl2Xqi6RwmojNWC-GSMXohRxxccCgujTlxg,"가끔씩 모바일로 보다보면 채팅기능이 안될때도 있고 버퍼링도 꽤 많네요,그리고 구독기능도 모바일에서 안보이고 아직 불편한게 많습니다",2,1,2.3.1,2024-03-01 11:25:20,,,2.3.1
156,156,067a0d0b-428f-4c04-ad23-fd6cfede01fe,칼라디,https://play-lh.googleusercontent.com/a-/ALV-UjWlxO3O-w98AN_9yVyEm0wuWqXPpBl764q6dPFlCB-_ayE,"많이 나아지긴 했는데 pip강제는 왜 선택사항으로 안하는지 모르겠네요, 그리고 카테고리가 추가됬으면 카테고리 검색도 같이 가능해야 하지 않나요? 다른 똥기능(라운지 등)은 계속 안고가고 싶은거 같으니 별말 안하겠습니다. 어차피 쓰지도 않을거니까",2,1,2.3.1,2024-03-12 03:07:54,,,2.3.1
157,157,ad180651-ef49-4add-9892-c4963a780888,크아아앙,https://play-lh.googleusercontent.com/a-/ALV-UjWCWCyBkVByKeiOvAcX1Fd7RbEj0bO0S3Js6NyCgAYZxg,다 괜찮은데 폰 가로모드 채팅창 좀 조절해주세요. 너무 큽니다. 조절이 가능하던가 레이어로 띄울 수 있게 해주면 좋겠습니다. 채팅창 폰트 크기 좀 줄여도 될듯,4,0,2.3.0,2024-03-01 08:12:28,,,2.3.0
158,158,b06120d9-0ace-4176-9d61-6992f249c299,아리스토텔레스,https://play-lh.googleusercontent.com/a/ACg8ocI8y7QtFKd5cIr8jYpT_WDwzDUQudshm-_wVm5cfONB=mo,아이패드 자체를 가로모드로 사용중인데 치지직만 실행하면 세로모드로 나와서 사용하기번거롭습니다. 기본 가로모드도 지원해주세요,3,0,2.3.1,2024-03-06 06:49:27,,,2.3.1
159,159,213785e5-481b-4b8e-b359-527edb0b9df1,개구리붓다 (모두가 평등한 세상),https://play-lh.googleusercontent.com/a-/ALV-UjXurmZ4X8A5YvdAUwy613s0jm5I7UKr6WI0k63ERC4iYQ,어플 업데이트 하고나서 화질 설정도 안되고 팔로우 안한 스트리머는 채팅 쳐지지도 않고 팔로우해야 채팅 할수 있다는 문구도 안나오고 지난 영상에 쓴 댓글도 삭제하는 버튼도 안뜸,1,3,2.3.0,2024-02-28 02:17:51,"안녕하세요. 치지직 안드로이드 개발팀 입니다.
현재 테스터분들의 참여로 원인이 파악되었으며 곧 수정 될 예정입니다.
소중한 의견 감사합니다.",2024-02-28 07:47:45,2.3.0
160,160,63dee8b9-35d1-4eac-a103-25c3a8d138b2,한밤중의도깨비,https://play-lh.googleusercontent.com/a/ACg8ocK6blfzAWhSkdVduY9GmDdqNNiCfyKutQATZ50pk8KI=mo,"공식방송들에서 채팅 관리를 안하는게 이해가 안가요. 또 차단기능을 만들어놨으면, 장을 나갔다 다시와도 풀리지 않게 만들어 놓던가.. 또 풀려서 차단할라치면 이미 차단했다고 차단이 안되는건 무슨경우죠?",3,0,2.3.0,2024-02-28 11:36:47,,,2.3.0
161,161,13d1427b-1f65-465d-9339-4a6da00e8e70,Harry76,https://play-lh.googleusercontent.com/a/ACg8ocLSiEFtsjwGq7HDBwChSb7Di7f4VIxZ9MZeErdsqn4THw=mo,버퍼링이 너무 심합니다 영상 시청이 불가능할 정도입니다. 트위치에서는 버퍼링 없이 잘 시청해 왔습니다만 치지직은 버퍼링이 계속 생기네요..,1,3,2.3.0,2024-02-26 11:57:01,,,2.3.0
162,162,72ac45dd-c31c-40a1-896b-28e19a026684,노브리,https://play-lh.googleusercontent.com/a/ACg8ocLYEAK9OtP3iKX7i8QJuL7b5tGQYkgBzR8ZgSwFKcaJvQ=mo,타이머 기능 추가됬으면 좋겠습니다. 잠들때 켜두고 들으면서 자는 경우가 많은데 일정시간 지나면 꺼지거나 음소거 되는 기능이 있었으면 좋겠습니다.,4,0,2.3.0,2024-02-27 03:12:29,,,2.3.0
163,163,1f884941-2047-4acd-a2e8-2eded3823ef9,서한솔,https://play-lh.googleusercontent.com/a/ACg8ocJVUdllb11t5Gzs7v-GAr5LVq4aVtFMjwsHCa7Fghm1=mo,다크모드 고정인게 불편합니다. 라이트모드 설정 추가는 코드 꼬일일도 없을거고 개발하기 쉬운데 정식출시 전에 꼭 내주세요 그리고 차단한 유저가 방송을 켰는지도 알고싶지 않은데 전체보기로 정렬해보면 차단한 유저의 영상입니다. 라고 뜨는거 좀 수정 부탁드려요,3,0,2.3.0,2024-02-27 05:32:11,,,2.3.0
164,164,bb2124f1-fba7-4e00-b849-db34d654bef5,물레,https://play-lh.googleusercontent.com/a-/ALV-UjWIwCqXimnUOLLWqI4HL0jJ2eyp-rslpxxoAczdDb9yoQ,암만 베타라지만 무슨 홈 화면 가로모드조차 지원을 안함? 저녁시간 버퍼링 심해지는건 개선될지 모르겠는데 더블탭 채팅 나오는것도 좀 넣으면 좋겠고 제일 걱정되는건 지금은 수위괜찮다 어쩌고 하는데 국감 불려가고 뉴스에 선정적 어쩌구 얘기나 페미맷돼지들 쿵쾅거리며 발광하면 그것도 걱정임,1,1,2.3.0,2024-02-27 06:24:08,,,2.3.0
165,165,b9e4049f-3cc6-43c4-8363-222318776440,국승범,https://play-lh.googleusercontent.com/a/ACg8ocKx95U1BbliFyKd7ZZ1JZ15zcoy9uJNMtKBP2L5nOk0MQ=mo,치지직 업데이트 이후부터 태블릿에서 화질 변경을 하려고하면 화면만 어두워지고 화면을 한번 돌린후 화면 최소화를 한 뒤에 다시 키워야 화질 설정이 가능한데 업데이트 오류인가요?,2,2,2.3.0,2024-02-27 06:02:46,"안녕하세요. 치지직 안드로이드 개발팀 입니다.
현재 테스터분들의 참여로 원인이 파악되었으며 곧 수정 될 예정입니다.
소중한 의견 감사합니다.",2024-02-28 07:50:32,2.3.0
166,166,02318dea-4186-4136-ba09-a05860834b24,신세환,https://play-lh.googleusercontent.com/a/ACg8ocLykKDuR6D8X78BDMsolgv9wCc-vuZVPQXUo_0hlsQw=mo,차지직 생방보는데 렉때문에 자주 끊기고 강제종료가 되는일이 자주 일어남. 개선이 필요함. 그리고 시도때도없이 버퍼링이 자주 일어남. 아프리카하고 경쟁하기에 부족한점이 많음.,1,3,2.3.0,2024-02-29 06:25:31,,,2.3.0
167,167,98f21d9d-9aec-4937-9799-7dbffc9218ce,Defo Kor,https://play-lh.googleusercontent.com/a-/ALV-UjUJsBvFeRCYpQU5Y0aq-C6FmvRjbcQO8d6tXlTfmKwzAfI,"제일 큰 장점은 아무래도 네이버 페이 포인트와 연동되어 편하고 유저들에게 경제적으로 도움되는 시스템이라는 점입니다. 더불어 정말 대단한게 타 플랫폼과 다르게 베타서비스때 유저들의 피드백을 적극 반영한다는 점이 두드러집니다. 특히 불편했던 채팅창 부분을 하루만에 즉시 수정한 점, 베타버전인데도 불구하고 가면갈수록 좋아지는 화질/딜레이 개선 등이 너무 마음에 듭니다. 부가적으로 타 플랫폼과 같이 무분별한 노출 영상을 제재하고 게임 위주의 플랫폼이라는 점에서 젊은 층과 함께 트렌드를 이끌어 갈 것이라 생각됩니다.",5,2,2.0.2,2023-12-22 09:31:22,,,2.0.2
168,168,57cf94b4-1a23-4808-a8f0-74be80be955b,김지우,https://play-lh.googleusercontent.com/a/ACg8ocInctDtc875YWdUhDZbJqx-JMcDOIKPIWlYcaNsMf_8=mo,팔로잉채널들이 무슨 방송하고있는지 알수없음. 디자이너의 의도가 궁금함. 팔로잉채널들이 무슨방송하는지 인스타 스토리 형태로 하나하나 열어봐야하는데 피로하다. 또한 버퍼링 걸렸을시 화질설정또한 먹통이 되어 원활한 연결을 위해서 화질을 낮추는 등의 선택을 하지못하고 꼼짝없이 기다려야함.,1,7,2.2.0,2024-01-29 17:27:02,,,2.2.0
169,169,59bb1c71-dc82-41b1-9ba1-a1770decba2a,조은예 / 나쁜예,https://play-lh.googleusercontent.com/a-/ALV-UjXyAkAKT8GlesTxozf8a002UfIM2tHeZQqkY0VZ1CmL-Us,"속도는 확실히 좋아서 유튭에서 갈아탓는데 후원할때 퀘스트, 랜덤 뽑기, 문제풀기 등등 그런게 많이 생겼으면 좋겠습니다. 그리고 멤버십 가입하는것도 빨리 생겼으면 좋겠어요",4,0,2.3.0,2024-02-26 10:27:29,,,2.3.0
170,170,bdcb4271-6a30-4a63-8110-31d81e531799,Lubics,https://play-lh.googleusercontent.com/a-/ALV-UjWHwPSVVumr8UbLrWw2j9nMTEI0pmgOoF8-RKnaAEtTdA,"치지직 앱은 현재 많은 방송인들이 활동하는 플랫폼으로 성장하고 있지만, 방송 추천 방식의 문제로 인해 신입 방송인들의 노출 기회가 제한되고 있는 상황입니다. 현재 추천 목록이 시청자 순으로만 정렬되어 있어서, 인기 있는 방송인들이 계속해서 상위에 노출되고 있습니다. 이를 해결하기 위해 방송 카테고리를 도입하여 사용자가 관심 있는 카테고리를 선택할 수 있도록 하는 것이 중요합니다. 다양한 카테고리를 제공하여 시청자들이 자신의 취향에 맞는 방송을 쉽게 찾을 수 있도록 해야 합니다. 이미 유명한 방송인들의 방송이 계속해서 상위에 노출되고 있습니다. 이를 해결하기 위해 추천 알고리즘 시스템을 개선하여 시청자의 관심과 선호도를 반영하는 방향으로 바꿔야 합니다. 이를 위해서는 사용자의 시청 이력, 관심사, 평가 및 피드백을 종합적으로 고려하여 맞춤형 추천을 제공하는 시스템을 구축해야 합니다. 방송 추천 방식을 개선하여 사용자들이 더 만족할 수 있는 서비스를 제공해주십시오.",5,0,2.2.3,2024-02-24 09:05:22,,,2.2.3
171,171,eb80d1e1-df27-4931-8695-3e2e75b6f108,강세정,https://play-lh.googleusercontent.com/a-/ALV-UjXQiStAdG9MihSTKqf_gHoYc_xNEq3yjH2bGk9ydTBrHqI,"일단 베타라는 점을 감안하면 만족스러운 어플입니다. 시청하던 스트리머가 치지직 테스터가되서 방송하고있어 같이 넘어왔는데 그전보다 후원하는 기능도 너무 간편하고(일명 딸깍후원ㅋㅋ) 이전에도 네이버페이 플러스멤버십등 이용하던 유저라 이 인터넷방송 어플만큼 간편한 인터넷방송은 없었네요 ㅎㅎ 아직 구독기능, 방송전체화면에서 채팅창볼수있는기능, 화면옆 다른방송의 상태(ex시청자수,방송카테고리등),방송화면 한번눌렀다고 정지되는기능 등에 불편함을 느끼지만 이것또한 베타니 이해하며 추후에 고쳐나가실거라고 믿습니다.",5,2,2.0.3,2023-12-26 01:59:42,,,2.0.3
172,172,eeb99e9f-db60-43af-9abb-144377dca3ef,Mahanaim마하나임,https://play-lh.googleusercontent.com/a-/ALV-UjU-dGpwjt0vVStH_nGeYL-SejVnzAhtiBkfkSDfUokLNg,주요 기능의 부재가 아쉽습니다. 카테고리별 찾기(게임-종류별/음악/저스트채팅...) 시청자수 낮은 순/ 높은 순/ 등 정렬 기준 배경색 선택(화이트/블랙) 등... 추가로 네이버 라인에서 구매한 이모티콘을 여기서도 사용할 수 있으면 좋을것 같습니다.,4,0,2.0.1,2023-12-20 06:59:39,,,2.0.1
173,173,cca8645f-2c59-426f-85f0-4bb7a58eb469,닉네임짓기귀찮,https://play-lh.googleusercontent.com/a-/ALV-UjURJEBgI4aneU3KeQh54UB1rGQGm9mbFgNYl8rVMMUWrAI,이벤트를 할꺼면 앱에서도 구독이 되게 하던가 하지 앱에선 시도조차 불가능한 반쪽짜리 이벤트에 의미가 있다고 봅니까 그리고 팔로우중인 방송 리스트를 만들고 그밑에 추천채널 리스트를 만들어주면 좋겠네요,3,1,2.3.0,2024-02-26 11:52:19,,,2.3.0
174,174,5f3089c6-b4f5-43bb-a45b-773efc3a33b6,슈퍼계정,https://play-lh.googleusercontent.com/a-/ALV-UjX9WDc4_X7hVRBZdfGnQ22Xeniz3-HisjSN9Z-gg6VMVes,다좋습니다 피드백을하자면 1. 다크모드 설정 다크모드 호불호가 있기 때문에 설정 가능하게 해주시면 좋겠구요 2. 자기가쓴 댓글 맨 위에 표시 영상에 제가 쓴댓글을 찾을려면 한참을 뒤져야 합니다. (제가쓴 타임라인을 보고싶은데 ㅠㅠ) 3. 라운지랑 분리해줬으면 좋겠어요,4,2,2.2.3,2024-02-19 18:10:11,,,2.2.3
175,175,46099140-665c-4c62-bce0-602eac6b4933,김현우,https://play-lh.googleusercontent.com/a/ACg8ocIuVUIg8nzqmUZUw9rBcyyz2dS84SubvYQqp0AcKZ9t=mo,"사람들 말처럼, 화면을 만질 때마다 소리와 밝기가 바뀌는 게 불편해요. 환경설정을 통해 끌 수 있게 해줬으면 좋겠습니다. 어플에 들어갔을 때 뜨는게 방송 중인 팔로우 채널이었으면 좋겠어요. 웬 모르는 사람이 떠있는거 보기 안 좋아서 밑으로 치워주기를 바랍니다. 앱 자체도 이제 처음쓰고 복잡해서 알아가는 중이지만 차라리 유입과 잘 어우러지고 바뀌어가며 새로운 문화를 만들기를 바랍니다. 그게 장기적으로 회사한테도 더 좋겠죠. 그리고 이런 말 하기 좀 그렇지만.. 웬만하면 트위치를 참고하고 배웁시다. 더 나은 점이 많다는 걸 인정하고 가져와야죠.",3,0,2.0.1,2023-12-21 08:57:32,,,2.0.1
176,176,cf93704c-581d-467c-9768-0297ae8355ba,dawnKin,https://play-lh.googleusercontent.com/a-/ALV-UjWQWq0Wp_6RHwyGhGqKALHeBibRrrVqvwv269MxVcKy15I,다시 리뷰 적습니다.. 메인화면에서 팔로우중인 사람들 하다못해 방송제목이라도 보여줘야지 아이콘만 켜져있고 정작 팔로우 안한 사람들 방송리스트는 제목이랑 카테고리 심지어 썸네일까지 보이는 이거 뭐죠 말이 안되네요 너무 불편합니다 그리고 메인화면 가로모드도 만드시구요... 메인화면에 불편한게 너무 많네요 그래도 개선은 조금씩 잘 해나가고 있기도 하고 정식오픈도 아니니까 기다리겠습니다 반영해주세요,4,0,2.1.0,2024-01-08 16:06:15,,,2.1.0
177,177,823a12b4-d8bc-4bfe-bb22-16865f20b8c6,심심 (2simsim2),https://play-lh.googleusercontent.com/a-/ALV-UjUeOXTn3IarHsERGZRW4DdealjR4Frlokiy4R1Hbn4PhGM,1. 백그라운드 오디오가 오락가락함 듣다가 갑자기 끊길때도 많았음 폰문제는 아님 트위치 볼 때는 한번도 끊긴적 없음 백그라운드 오디오로 보다가 영상 화면 보려고 최근 앱을 열어서 치지직에 들어가면 내가 보던 방송 화면이 아니라 치지직 켰을 때 처음 화면임 2. 팔로우를 했으면 팔로잉중인 채널이 최우선으로 떠야지 왜 듣보잡들 채널이 먼저 떠서 한참을 내려야 팔로잉중인 채널을 볼 수 있는거임? 네이버 웹툰만 봐도 관심웹툰 설정한것들은 우선해서 볼 수 있는데 같은 회사 아님? 이건 진짜 시청자 입장을 단 한번이라도 생각해봤으면 해결될 문제인데 상식적으로 방송을 자기가 팔로우한 자기가 좋아하는 채널을 보고싶지 듣도보도 못한 방송인들을 굳이 먼저 보겠음? 애시당초 트위치 시청자들을 흡수하려고 했으면 이 문제는 해결해놔야지 트위치 키면 맨처음 보이는게 팔로잉중인 채널인데 좀 시청자 생각 좀 하셈,1,11,2.0.3,2023-12-29 06:25:51,,,2.0.3
178,178,1c8ad083-a65a-47e7-982a-bcdff8aca3df,Uri,https://play-lh.googleusercontent.com/a/ACg8ocJj-_s_4XUXD_FmkGb0OiHTIup9va2bkwRGQWlyGuk=mo,추가 업데이트 요구사항 : 1. 다시보기 시청 시 그전 시청시간이 저장되어서 이후에 또 들어가도 이전시간에서 재생되었으면 좋겠습니다. 2. 스트리머 생방송 시 방송 시작시간이 있었으면 좋겠습니다. (4시간전 방송시작) 활발한 업데이트 감사합니다😊,4,0,2.2.0,2024-01-29 12:19:32,,,2.2.0
179,179,d88baf82-dd34-4fcb-a62a-9f4d2ff24b9b,김철수,https://play-lh.googleusercontent.com/a-/ALV-UjX5B64UwW0EY0bV512F1hYhk4PWugUh6sZxq8Fx-Gs0b7E,"업데이트 하고 나서 일반 채팅설정이랑 유료채팅 목소리 변경, 구독아이콘 변경등 설정관련이 하나도 안됩니다. 뭘건드린겁니까 대체? 몇번을 삭제 재설치 해도 소용없네요",1,6,2.3.0,2024-02-26 12:14:13,"안녕하세요. 치지직 안드로이드 개발팀 입니다.
현재 테스터분들의 참여로 원인이 파악되었으며 곧 수정 될 예정입니다.
소중한 의견 감사합니다.",2024-02-28 07:52:37,2.3.0
180,180,2945d912-90f7-44d9-9bf6-4aee75942349,T kor,https://play-lh.googleusercontent.com/a/ACg8ocIj3G5FHMnBwxl4WevBAGQj7qDVB1E-fTcX-m8xaHZq=mo,아직 베타지만 휴대폰에서는 너무 좋습니다. 하지만 아이패드에서 홈화면이 가로가 안된다거나 방송화면 가로모드가 한쪽으로 고정되서 다시 껐다 켜야하는 불편함들 수정만 하면 더 좋겠습니다!! :),4,1,2.2.3,2024-02-14 12:12:12,,,2.2.3
181,181,328687c6-e24f-470b-8c52-d45293dcac5c,Night EG,https://play-lh.googleusercontent.com/a-/ALV-UjWQBgrlEGPr_NrUpP_owB-pRkthY0kpu8l3G3485Joctqw,"치지직 잘 이용하고 있습니다. 하나 요청사항? 권의? 하자면 다시보기 영상 찾을때 특정 단어 검색한 다음 동영상 부분에 들어가보면 막 시간 엄청 지난? 영상이랑 최근꺼랑 같이 검색되는데 [ 검색할때 조회수, 업로드 날짜 등등 이렇게 구분해서 검색할 수 있게 해주셨으면 좋겠어요~]",5,1,2.2.3,2024-02-15 14:03:42,,,2.2.3
182,182,451c52cd-5b62-43c9-a240-e03359527ebf,원주,https://play-lh.googleusercontent.com/a-/ALV-UjW0EzwIO8Ux1XBngvQORB5wHl2QtpUj4cuZYQHIpN3Dig,모바일 ui가 너무 복잡해요 간단하게 첫화면에 팔로잉 방송채널이 뜨는게 좋아보여요 그리고 가로모드에서 채팅키면 화면이 너무 작게 보여요 채팅이랑 화면 비율을 조절할 수 있었으면 좋겠어요,2,1,2.1.1,2024-01-22 21:44:07,,,2.1.1
183,183,795d27d2-2c5d-4027-be3b-d260a34f573d,이건국,https://play-lh.googleusercontent.com/a/ACg8ocJaXKsa9WrtdIE8V2YKth-nt6SLqpZgrd2X6nxnJiO0=mo,타 플랫폼으로 봣을때 버퍼링이 없는데 치지직으로만 다시 틀면 같은 방송이여도 버퍼링이 심합니나 화질을 낮춰도 문제가 있습니다,2,1,2.3.0,2024-02-26 11:02:55,,,2.3.0
184,184,22cedfdc-25d3-472c-8f39-2a50410602f9,J Ki,https://play-lh.googleusercontent.com/a/ACg8ocLAhGN8YcZTmAxTF9PDKFYbD9EKPBCDSXMXvKatwE20=mo,"로그인 없이도 시청할 수 있게 해주세요. 아니면 '내휴대폰의 네이버앱 일회용번호'를 이용해서 , 안전하게 외부컴퓨터나 타인의 스마트기기에서도 로그인할 수 있게 일회용 로그인 기능을 적용시켜 주세요. 지금 외부컴퓨터에서 비밀번호 입력없이 네이버앱 일회용번호로 안전하게 로그인할 수 있잖아요? 그걸 치지직 어플에서도 가능하게 적용시켜주세요.",5,3,2.2.0,2024-01-26 14:15:21,,,2.2.0
185,185,a1d7e889-7d78-42f1-9dc6-2dccdd28d005,면,https://play-lh.googleusercontent.com/a-/ALV-UjWQoxvNfXdQciUVjW1XMj6xiX7_cYwLrT54kUbcke4F3Yo,좌 밝기 조절 우 볼륨 조절 엄청 불편합니다 쓸데없는 기능입니다 없어졌으면 좋겠어요 화이트 버전은 없나요? 너무 어두워서 눈이 아픕니다,2,3,2.2.3,2024-02-13 17:42:45,,,2.2.3
186,186,2f47bfa5-61a2-4c78-98dd-1dee7d8355a0,P R,https://play-lh.googleusercontent.com/a-/ALV-UjVU_Vns7BE4IUTdacEl1W5FlzCO654PFSHSQGB_t8dbSqM,"현재 팔로우된 방송인들이 무슨 방송을 하는지 한눈에 보는 탭이 없음. 다른 방송 플랫폼은 다 있는데 이런 앱 처음 봄. 그래서 팔로우 많으면 일일히 다 들어가 봐야하고, 그게 귀찮아서 팔로우 잘 안하거나 위에 뜨는 사람 몇몇만 확인하고 나감. 추천이 많이 뜨긴 하는데 결국 내가 보려던 방송인부터 확인할 수 없으면 불편하고 결국 이용하기 꺼리게 됨",3,0,2.2.3,2024-02-20 16:45:02,,,2.2.3
187,187,13b170b7-5f97-416a-8231-6e4b2027b31f,살곰,https://play-lh.googleusercontent.com/a-/ALV-UjVjhR34H4CZydvXAjQ3Es4Melaxj-cvEX883WLuzia_exc,"트위치 기능들 더 필요함. 특정 눈살찌푸려지는 스트리머들 차단 기능, 전체화면 해제 시 가로 비율 유지, 즐겨찾기 게임 추가 시 편의성 및 접근성 개선 필요",3,0,2.2.3,2024-02-14 03:47:03,,,2.2.3
188,188,f40c1bb2-6098-40ca-8145-2d5ad5f4b863,멍구굴,https://play-lh.googleusercontent.com/a-/ALV-UjUCrK-pJPzB306iHUhGkFMIr0VpVTF6x5d5PLlqxwK_PQw,1.팔로우 목록만 미리보기로 볼 수 있으면 좋겠어요. 팔로우 채널이 어떤 방송을 하는지 구분하기가 너무 어려워요. 2.다시보기에 실시간 채팅 내역이 있으면 좋겠어요. 3.다시보기를 보던 곳 부터 이어서 볼 수 있으면 좋겠어요.,3,2,2.2.3,2024-02-14 09:30:44,,,2.2.3
189,189,326689c3-f789-4522-ba3e-e2026170281b,지혜미,https://play-lh.googleusercontent.com/a-/ALV-UjUIGovbh43ykSW0SRWdEYEYeScUCqZRTkfIbO4mHtm-9DE,버퍼링이 너무 심해요... 다른 플랫폼은 멀쩡한데 치지직만 자꾸 이렇게 버퍼링이 걸리나요... 5초에 한 번씩 버퍼링이 걸려서 방송을 시청하기가 불가능할 정도예요 제발 좀 고쳐주세요...,2,2,2.2.3,2024-02-23 06:30:17,,,2.2.3
190,190,a5421b52-9208-434a-8a01-ef0c56078b10,성종,https://play-lh.googleusercontent.com/a-/ALV-UjVFsX5dHF9XDq91xqIe2Z_hpo5U1CrjDIpCSd94pnBKCS4,"휴대폰 배터리 소모도 빠르고 앱이 너무 무겁습니다. 원래 있던 네이버 게임에 치지직 기능을 더해서 그런 것 같은데, 네이버 게임과 치지직을 분리했으면 좋겠습니다.",4,0,2.2.3,2024-02-17 04:07:56,,,2.2.3
191,191,1c1211cc-b97d-420a-b07b-4d121af78245,홍윤,https://play-lh.googleusercontent.com/a-/ALV-UjX2Oy5TFG2xOaPvkb4IVPOa4fcv8O7jSnlMhwXmHySnfHY,어플은 좋으나 팔로우한 채널부터 우선적으로 보여주시는방식으로 개선바라고 pip모드없이도 화면을 내릴수있게 해주세요 그리고 시청하지도 않은 방송인이 왜 자꾸 검색누르면 최근에 시청한 방송이라고 나오는건가요 그리고 차단한 방송은 추천목록에 안뜨게 변경 부탁드립니다,5,1,2.0.3,2023-12-26 19:18:09,,,2.0.3
192,192,2bbe8d8c-5602-4c22-b515-f985cf03a9a4,쿠루쿠,https://play-lh.googleusercontent.com/a-/ALV-UjWuKK5TIBugvIJ3FElPxq2dCrnWsoqK3t7T2mVjdBGx16E,치지직 데이터를 너무많이 잡아먹어요. 요즘 많이들 말나오고 있습니다. 이점 개선되면 좋겠어요. 그리고 중간중간 끊기는것도 좀 자주 있어요.,3,1,2.2.3,2024-02-21 01:13:44,,,2.2.3
193,193,9aa51116-ef7f-4a1b-aae8-4e952e43ac3b,최강의어그로,https://play-lh.googleusercontent.com/a-/ALV-UjXiWBOxnH8w9Q3D30iOiQqUt_az8NztEIzv7JYU540Smog,좌우 소리조정 및 밝기조절 삭제부탁드려요 화면 작게하고 다른앱 켜서 볼일보려는데 재대로 내려지지도않고 이랬다가 저랬다가 장난질하는것도아니고 이거 네이버스트리밍때도 그랬는데 고집을안꺾는건가 일부러 그러는건가 똑바로좀하세요 개짜증나요,1,6,2.2.3,2024-02-13 20:39:53,,,2.2.3
194,194,01ab3114-50d5-4acf-a252-9ad2fcbbf277,메가런쳐킬가드라,https://play-lh.googleusercontent.com/a-/ALV-UjUbILUD12Apmnk9UZB94Z2idOKJsnd00D-xY7mvY8oB9Vc,트위치와는 달리 미성년자 방송이 안되는건 이제 막 방송을 시작하려는 고딩에겐 좀 많이 아쉽지만 처음 오픈베타때 1080p화질과 여러 이벤트를 열어주는게 좋았고 무엇보다 접근성이 쉬워서 좋았습니다 치지직 응원합니다! 파이팅,4,1,2.2.3,2024-02-26 16:49:45,,,2.2.3
195,195,38f386b6-cfc6-43c5-8183-1c4f63b927e7,Junsang Park,https://play-lh.googleusercontent.com/a-/ALV-UjVg50Mo-zcPpVhiwAzhs2_isnW4LDIo6Q9g7EglJqKVlqw,이거 pip상태에서 채팅칠수도있게 가능한가요? 아니면 채팅서버만 따로 팝업 아이콘 가능하게 기능 추가가 될까요? 나쁘진않은데 그래도 개발기간이 트위치보다 짧다보니 비교될수밖에 없다고 생각하긴 합니다,5,0,2.2.3,2024-02-15 08:20:32,,,2.2.3
196,196,7f84d694-9683-4e38-94ae-b6db3b304bd3,김유진,https://play-lh.googleusercontent.com/a-/ALV-UjUzTDF8w4eN4FydRoRYCSdlWpyofDiL9_57Y9KFM2j6bQ,"제가 보기엔 화질 좋아진거 말곤 다 못합니다 오류들도 좀 있고 글씨체 가 좀더 커졌으면 좋겠습니다 그리고 19금 제한 기능 전 이해가 잘 안됩니다 그냥 없애는게 더 좋아보입니다 19금 컨텐츠 될만한게 아닌데도 19금 걸리고 등등 딱히 좋다곤 생각이 안되네요 걍 트위치처럼 ""특정 시청자 대상"" 이라고 하는게 더 좋아보입니다 그리고 또 트위치 처럼 포인트 기능을 넣는것도 좋아보입니다 (트위치 처럼 사람들과 같이 놀수있는 기능 도 있으면 좋겠네요 이미 있는지 아닌지 모르겠지만) 확실한건 아직 트위치를 이길만한 플랫폼은 없네요",2,1,2.2.3,2024-02-22 20:01:31,,,2.2.3
197,197,e5e3d38b-5a6f-46bf-9e72-e18bf351c0db,역행주,https://play-lh.googleusercontent.com/a-/ALV-UjVQWnUGQ8EYu3dgX92XrgM5udaEbx2AJWovsVoCTnDnkEc,잘쓰고 있긴한데 방송 다시보기 시간을 늘려주실 수 있나요? 약 14시간했던 방송이 다시보기에는 12시간까지만 기록되어있고 그 뒤는 다 짤려있더군요 뒷부분을 볼 방법도 없어보이던데 12시간까지만 해놓은 이유가 있을까요?만약 늘려줄 수 있다면 최소 24시간까지는 해야하지 않을까요 그게 오래 방송하는 분들에게도 더 좋을거고 다시보기를 보는 사람들도 못봤던 부분들을 볼 수 있을테니까요,5,1,2.0.4.1,2024-01-03 02:05:33,,,2.0.4.1
198,198,500b10d6-a8a7-4d09-8347-f77a1ef4d525,forest “forest9311” 93,https://play-lh.googleusercontent.com/a-/ALV-UjVJcWe9R816xjeq7h-UgEurNOnxvxkeuCZhHaj2Zc-vhg,다 좋은데 테블릿은 진짜 언제까지 시작할때 바로 가로로 안해주는건지 궁금하네요 나우인가 그때부터 시작하면 가로로 안보여주고 꼭 세로로 돌려서 보고 동영상보면 다시 가로로 돌리고 너무 귀찮음;; 이것좀 세로모드 고정을 넣어주던가 해주세요,4,1,2.0.1,2023-12-20 11:52:18,,,2.0.1
